#
# There is insufficient memory for the Java Runtime Environment to continue.
# Native memory allocation (malloc) failed to allocate 1266096 bytes for Chunk::new
# Possible reasons:
#   The system is out of physical RAM or swap space
#   The process is running with CompressedOops enabled, and the Java Heap may be blocking the growth of the native heap
# Possible solutions:
#   Reduce memory load on the system
#   Increase physical memory or swap space
#   Check if swap backing store is full
#   Decrease Java heap size (-Xmx/-Xms)
#   Decrease number of Java threads
#   Decrease Java thread stack sizes (-Xss)
#   Set larger code cache with -XX:ReservedCodeCacheSize=
#   JVM is running with Unscaled Compressed Oops mode in which the Java heap is
#     placed in the first 4GB address space. The Java Heap base address is the
#     maximum limit for the native heap growth. Please use -XX:HeapBaseMinAddress
#     to set the Java Heap base and to place the Java Heap above 4GB virtual address.
# This output file may be truncated or incomplete.
#
#  Out of Memory Error (arena.cpp:189), pid=25668, tid=26196
#
# JRE version: Java(TM) SE Runtime Environment (17.0.12+8) (build 17.0.12+8-LTS-286)
# Java VM: Java HotSpot(TM) 64-Bit Server VM (17.0.12+8-LTS-286, mixed mode, sharing, tiered, compressed oops, compressed class ptrs, g1 gc, windows-amd64)
# No core dump will be written. Minidumps are not enabled by default on client versions of Windows
#

---------------  S U M M A R Y ------------

Command Line: --add-opens=java.base/java.lang=ALL-UNNAMED --add-opens=java.base/java.lang.invoke=ALL-UNNAMED --add-opens=java.base/java.util=ALL-UNNAMED --add-opens=java.prefs/java.util.prefs=ALL-UNNAMED --add-exports=jdk.compiler/com.sun.tools.javac.api=ALL-UNNAMED --add-exports=jdk.compiler/com.sun.tools.javac.util=ALL-UNNAMED --add-opens=java.base/java.util=ALL-UNNAMED --add-opens=java.prefs/java.util.prefs=ALL-UNNAMED --add-opens=java.base/java.nio.charset=ALL-UNNAMED --add-opens=java.base/java.net=ALL-UNNAMED --add-opens=java.base/java.util.concurrent=ALL-UNNAMED --add-opens=java.base/java.util.concurrent.atomic=ALL-UNNAMED --add-opens=java.xml/javax.xml.namespace=ALL-UNNAMED --add-opens=java.base/java.time=ALL-UNNAMED -Xmx2048m -Dfile.encoding=UTF-8 -Duser.country=IN -Duser.language=en -Duser.variant -javaagent:C:\Users\vikas\.gradle\wrapper\dists\gradle-9.4.1-bin\arn2x92ynaizyzdaamcbpbhtj\gradle-9.4.1\lib\agents\gradle-instrumentation-agent-9.4.1.jar org.gradle.launcher.daemon.bootstrap.GradleDaemon 9.4.1

Host: 12th Gen Intel(R) Core(TM) i5-1235U, 12 cores, 15G,  Windows 11 , 64 bit Build 26100 (10.0.26100.8328)
Time: Sun May 17 13:41:22 2026 India Standard Time elapsed time: 75.943018 seconds (0d 0h 1m 15s)

---------------  T H R E A D  ---------------

Current thread (0x000002529638da90):  JavaThread "C2 CompilerThread0" daemon [_thread_in_native, id=26196, stack(0x0000009cf4b00000,0x0000009cf4c00000)]


Current CompileTask:
C2:  75943 20406       4       org.jetbrains.kotlin.fir.declarations.DeprecationUtilsKt::extractDeprecationAnnotationInfoPerUseSite (1240 bytes)

Stack: [0x0000009cf4b00000,0x0000009cf4c00000]
Native frames: (J=compiled Java code, j=interpreted, Vv=VM code, C=native code)
V  [jvm.dll+0x67a04a]
V  [jvm.dll+0x7da4ed]
V  [jvm.dll+0x7dbe33]
V  [jvm.dll+0x7dc4a3]
V  [jvm.dll+0x24508f]
V  [jvm.dll+0xab773]
V  [jvm.dll+0xabd3c]
V  [jvm.dll+0x361b9f]
V  [jvm.dll+0x32c431]
V  [jvm.dll+0x32b8ca]
V  [jvm.dll+0x21683f]
V  [jvm.dll+0x215c6f]
V  [jvm.dll+0x1a2960]
V  [jvm.dll+0x22610b]
V  [jvm.dll+0x2242ab]
V  [jvm.dll+0x79075c]
V  [jvm.dll+0x78abea]
V  [jvm.dll+0x678f35]
C  [ucrtbase.dll+0x37b0]
C  [KERNEL32.DLL+0x2e957]
C  [ntdll.dll+0x427c]


---------------  P R O C E S S  ---------------

Threads class SMR info:
_java_thread_list=0x00000252dc4ef560, length=63, elements={
0x00000252f7c86360, 0x000002529636d660, 0x0000025296370bb0, 0x00000252963885b0,
0x0000025296388e80, 0x000002529638a2c0, 0x000002529638b700, 0x000002529638da90,
0x00000252964ba8a0, 0x00000252964b3970, 0x0000025296359e60, 0x0000025296687540,
0x00000252ddf681e0, 0x00000252de0c0690, 0x00000252ddf742e0, 0x00000252dc744b80,
0x00000252dd6815b0, 0x00000252dd681fd0, 0x00000252dd67f750, 0x00000252dd67fc60,
0x00000252dd6810a0, 0x00000252e0473910, 0x00000252e0475770, 0x00000252e0474840,
0x00000252e0473e20, 0x00000252e04729e0, 0x00000252e04724d0, 0x00000252e04766a0,
0x00000252e0472ef0, 0x00000252e0476190, 0x00000252e0476bb0, 0x00000252e0473400,
0x00000252e0477ff0, 0x00000252e0479e50, 0x00000252e04770c0, 0x00000252dfbf9e50,
0x00000253043f8fd0, 0x00000252eaf6f7b0, 0x00000252eaf72030, 0x00000252eaf71100,
0x00000252eaf71610, 0x00000252eaf6ed90, 0x00000252eaf76200, 0x00000252eaf74dc0,
0x00000252eaf72f60, 0x00000252eaf73980, 0x00000252eaf752d0, 0x00000252eaf743a0,
0x00000252eaf757e0, 0x00000252eaf73470, 0x00000252eaf75cf0, 0x00000252eaf72a50,
0x00000252eaf73e90, 0x00000252eaf748b0, 0x00000252eaf76710, 0x00000252e9991e30,
0x00000252e99904e0, 0x00000252e9993270, 0x00000252e9993780, 0x00000252e9991410,
0x00000252e9991920, 0x00000252dfb3faf0, 0x00000252e9c5d4d0
}

Java Threads: ( => current thread )
  0x00000252f7c86360 JavaThread "main" [_thread_blocked, id=11612, stack(0x0000009cf3e00000,0x0000009cf3f00000)]
  0x000002529636d660 JavaThread "Reference Handler" daemon [_thread_blocked, id=29904, stack(0x0000009cf4500000,0x0000009cf4600000)]
  0x0000025296370bb0 JavaThread "Finalizer" daemon [_thread_blocked, id=28464, stack(0x0000009cf4600000,0x0000009cf4700000)]
  0x00000252963885b0 JavaThread "Signal Dispatcher" daemon [_thread_blocked, id=22156, stack(0x0000009cf4700000,0x0000009cf4800000)]
  0x0000025296388e80 JavaThread "Attach Listener" daemon [_thread_blocked, id=26912, stack(0x0000009cf4800000,0x0000009cf4900000)]
  0x000002529638a2c0 JavaThread "Service Thread" daemon [_thread_blocked, id=29908, stack(0x0000009cf4900000,0x0000009cf4a00000)]
  0x000002529638b700 JavaThread "Monitor Deflation Thread" daemon [_thread_blocked, id=11240, stack(0x0000009cf4a00000,0x0000009cf4b00000)]
=>0x000002529638da90 JavaThread "C2 CompilerThread0" daemon [_thread_in_native, id=26196, stack(0x0000009cf4b00000,0x0000009cf4c00000)]
  0x00000252964ba8a0 JavaThread "C1 CompilerThread0" daemon [_thread_blocked, id=30072, stack(0x0000009cf4c00000,0x0000009cf4d00000)]
  0x00000252964b3970 JavaThread "Sweeper thread" daemon [_thread_blocked, id=17420, stack(0x0000009cf4d00000,0x0000009cf4e00000)]
  0x0000025296359e60 JavaThread "Common-Cleaner" daemon [_thread_blocked, id=28800, stack(0x0000009cf4e00000,0x0000009cf4f00000)]
  0x0000025296687540 JavaThread "Notification Thread" daemon [_thread_blocked, id=5564, stack(0x0000009cf4f00000,0x0000009cf5000000)]
  0x00000252ddf681e0 JavaThread "Daemon health stats" [_thread_blocked, id=29764, stack(0x0000009cf5800000,0x0000009cf5900000)]
  0x00000252de0c0690 JavaThread "Incoming local TCP Connector on port 58959" [_thread_in_native, id=26796, stack(0x0000009cf5200000,0x0000009cf5300000)]
  0x00000252ddf742e0 JavaThread "Daemon periodic checks" [_thread_blocked, id=27728, stack(0x0000009cf5900000,0x0000009cf5a00000)]
  0x00000252dc744b80 JavaThread "Daemon" [_thread_blocked, id=30068, stack(0x0000009cf5a00000,0x0000009cf5b00000)]
  0x00000252dd6815b0 JavaThread "Daemon worker" [_thread_in_vm, id=21988, stack(0x0000009cf5d00000,0x0000009cf5e00000)]
  0x00000252dd681fd0 JavaThread "Cache worker for journal cache (C:\Users\vikas\.gradle\caches\journal-1)" [_thread_blocked, id=14580, stack(0x0000009cf6100000,0x0000009cf6200000)]
  0x00000252dd67f750 JavaThread "File lock request listener" [_thread_in_native, id=8588, stack(0x0000009cf6200000,0x0000009cf6300000)]
  0x00000252dd67fc60 JavaThread "Cache worker for file hash cache (C:\Users\vikas\.gradle\caches\9.4.1\fileHashes)" [_thread_blocked, id=29512, stack(0x0000009cf6300000,0x0000009cf6400000)]
  0x00000252dd6810a0 JavaThread "File watcher server" daemon [_thread_in_native, id=24504, stack(0x0000009cf6d00000,0x0000009cf6e00000)]
  0x00000252e0473910 JavaThread "File watcher consumer" daemon [_thread_blocked, id=23108, stack(0x0000009cf6e00000,0x0000009cf6f00000)]
  0x00000252e0475770 JavaThread "jar transforms" [_thread_blocked, id=26832, stack(0x0000009cf6b00000,0x0000009cf6c00000)]
  0x00000252e0474840 JavaThread "jar transforms Thread 2" [_thread_blocked, id=10320, stack(0x0000009cf6c00000,0x0000009cf6d00000)]
  0x00000252e0473e20 JavaThread "jar transforms Thread 3" [_thread_blocked, id=28592, stack(0x0000009cf6f00000,0x0000009cf7000000)]
  0x00000252e04729e0 JavaThread "Cache worker for file content cache (C:\Users\vikas\.gradle\caches\9.4.1\fileContent)" [_thread_blocked, id=29792, stack(0x0000009cf7400000,0x0000009cf7500000)]
  0x00000252e04724d0 JavaThread "jar transforms Thread 4" [_thread_blocked, id=27540, stack(0x0000009cf7700000,0x0000009cf7800000)]
  0x00000252e04766a0 JavaThread "jar transforms Thread 5" [_thread_blocked, id=4824, stack(0x0000009cf7800000,0x0000009cf7900000)]
  0x00000252e0472ef0 JavaThread "jar transforms Thread 6" [_thread_blocked, id=5352, stack(0x0000009cf7900000,0x0000009cf7a00000)]
  0x00000252e0476190 JavaThread "jar transforms Thread 7" [_thread_blocked, id=15784, stack(0x0000009cf7a00000,0x0000009cf7b00000)]
  0x00000252e0476bb0 JavaThread "jar transforms Thread 8" [_thread_blocked, id=30108, stack(0x0000009cf7b00000,0x0000009cf7c00000)]
  0x00000252e0473400 JavaThread "jar transforms Thread 9" [_thread_blocked, id=23032, stack(0x0000009cf7c00000,0x0000009cf7d00000)]
  0x00000252e0477ff0 JavaThread "jar transforms Thread 10" [_thread_blocked, id=23572, stack(0x0000009cf7d00000,0x0000009cf7e00000)]
  0x00000252e0479e50 JavaThread "jar transforms Thread 11" [_thread_blocked, id=30476, stack(0x0000009cf7e00000,0x0000009cf7f00000)]
  0x00000252e04770c0 JavaThread "jar transforms Thread 12" [_thread_blocked, id=29652, stack(0x0000009cf7f00000,0x0000009cf8000000)]
  0x00000252dfbf9e50 JavaThread "Memory manager" [_thread_blocked, id=29960, stack(0x0000009cf8900000,0x0000009cf8a00000)]
  0x00000253043f8fd0 JavaThread "pool-2-thread-1" [_thread_blocked, id=8436, stack(0x0000009cf8800000,0x0000009cf8900000)]
  0x00000252eaf6f7b0 JavaThread "VFS cleanup" [_thread_blocked, id=28976, stack(0x0000009cf3b00000,0x0000009cf3c00000)]
  0x00000252eaf72030 JavaThread "Handler for socket connection from /127.0.0.1:58959 to /127.0.0.1:58089" [_thread_in_native, id=14424, stack(0x0000009cf3c00000,0x0000009cf3d00000)]
  0x00000252eaf71100 JavaThread "Cancel handler" [_thread_blocked, id=28964, stack(0x0000009cf3d00000,0x0000009cf3e00000)]
  0x00000252eaf71610 JavaThread "Asynchronous log dispatcher for DefaultDaemonConnection: socket connection from /127.0.0.1:58959 to /127.0.0.1:58089" [_thread_blocked, id=29060, stack(0x0000009cf5100000,0x0000009cf5200000)]
  0x00000252eaf6ed90 JavaThread "Stdin handler" [_thread_blocked, id=25588, stack(0x0000009cf5b00000,0x0000009cf5c00000)]
  0x00000252eaf76200 JavaThread "Daemon client event forwarder" [_thread_blocked, id=14724, stack(0x0000009cf5c00000,0x0000009cf5d00000)]
  0x00000252eaf74dc0 JavaThread "Cache worker for file hash cache (C:\Users\vikas\OneDrive\Documents\genz_music app\.gradle\9.4.1\fileHashes)" [_thread_blocked, id=25868, stack(0x0000009cf5e00000,0x0000009cf5f00000)]
  0x00000252eaf72f60 JavaThread "Cache worker for Build Output Cleanup Cache (C:\Users\vikas\OneDrive\Documents\genz_music app\.gradle\buildOutputCleanup)" [_thread_blocked, id=30092, stack(0x0000009cf5f00000,0x0000009cf6000000)]
  0x00000252eaf73980 JavaThread "Cache worker for checksums cache (C:\Users\vikas\OneDrive\Documents\genz_music app\.gradle\9.4.1\checksums)" [_thread_blocked, id=28808, stack(0x0000009cf6a00000,0x0000009cf6b00000)]
  0x00000252eaf752d0 JavaThread "Cache worker for cache directory md-supplier (C:\Users\vikas\.gradle\caches\9.4.1\md-supplier)" [_thread_blocked, id=10832, stack(0x0000009cf7000000,0x0000009cf7100000)]
  0x00000252eaf743a0 JavaThread "Cache worker for cache directory md-rule (C:\Users\vikas\.gradle\caches\9.4.1\md-rule)" [_thread_blocked, id=19356, stack(0x0000009cf7300000,0x0000009cf7400000)]
  0x00000252eaf757e0 JavaThread "Build operations" [_thread_blocked, id=27416, stack(0x0000009cf7500000,0x0000009cf7600000)]
  0x00000252eaf73470 JavaThread "Build operations Thread 2" [_thread_blocked, id=28740, stack(0x0000009cf7600000,0x0000009cf7700000)]
  0x00000252eaf75cf0 JavaThread "Build operations Thread 3" [_thread_blocked, id=29036, stack(0x0000009cf8000000,0x0000009cf8100000)]
  0x00000252eaf72a50 JavaThread "Build operations Thread 4" [_thread_blocked, id=29272, stack(0x0000009cf8700000,0x0000009cf8800000)]
  0x00000252eaf73e90 JavaThread "Build operations Thread 5" [_thread_blocked, id=26860, stack(0x0000009cf8d00000,0x0000009cf8e00000)]
  0x00000252eaf748b0 JavaThread "Build operations Thread 6" [_thread_blocked, id=11776, stack(0x0000009cf8e00000,0x0000009cf8f00000)]
  0x00000252eaf76710 JavaThread "Build operations Thread 7" [_thread_blocked, id=29956, stack(0x0000009cf8f00000,0x0000009cf9000000)]
  0x00000252e9991e30 JavaThread "Build operations Thread 8" [_thread_blocked, id=24380, stack(0x0000009cf9000000,0x0000009cf9100000)]
  0x00000252e99904e0 JavaThread "Build operations Thread 9" [_thread_blocked, id=28312, stack(0x0000009cf9100000,0x0000009cf9200000)]
  0x00000252e9993270 JavaThread "Build operations Thread 10" [_thread_blocked, id=19004, stack(0x0000009cf9200000,0x0000009cf9300000)]
  0x00000252e9993780 JavaThread "Build operations Thread 11" [_thread_blocked, id=30064, stack(0x0000009cf9300000,0x0000009cf9400000)]
  0x00000252e9991410 JavaThread "Build operations Thread 12" [_thread_blocked, id=20412, stack(0x0000009cf9400000,0x0000009cf9500000)]
  0x00000252e9991920 JavaThread "build event listener" [_thread_blocked, id=29828, stack(0x0000009cf9600000,0x0000009cf9700000)]
  0x00000252dfb3faf0 JavaThread "C2 CompilerThread1" daemon [_thread_blocked, id=24844, stack(0x0000009cf6000000,0x0000009cf6100000)]
  0x00000252e9c5d4d0 JavaThread "C2 CompilerThread2" daemon [_thread_in_native, id=27652, stack(0x0000009cf9500000,0x0000009cf9600000)]

Other Threads:
  0x000002529636b4b0 VMThread "VM Thread" [stack: 0x0000009cf4400000,0x0000009cf4500000] [id=6044]
  0x00000252f7c88100 WatcherThread [stack: 0x0000009cf5000000,0x0000009cf5100000] [id=26996]
  0x00000252f7ce3cc0 GCTaskThread "GC Thread#0" [stack: 0x0000009cf3f00000,0x0000009cf4000000] [id=26260]
  0x00000252dd3984b0 GCTaskThread "GC Thread#1" [stack: 0x0000009cf5300000,0x0000009cf5400000] [id=27996]
  0x00000252dd398770 GCTaskThread "GC Thread#2" [stack: 0x0000009cf5400000,0x0000009cf5500000] [id=29604]
  0x00000252dd398a30 GCTaskThread "GC Thread#3" [stack: 0x0000009cf5500000,0x0000009cf5600000] [id=15680]
  0x00000252dd398cf0 GCTaskThread "GC Thread#4" [stack: 0x0000009cf5600000,0x0000009cf5700000] [id=29900]
  0x00000252dcbb8660 GCTaskThread "GC Thread#5" [stack: 0x0000009cf5700000,0x0000009cf5800000] [id=23480]
  0x00000252e00d1e30 GCTaskThread "GC Thread#6" [stack: 0x0000009cf6400000,0x0000009cf6500000] [id=29880]
  0x00000252e00d20f0 GCTaskThread "GC Thread#7" [stack: 0x0000009cf6500000,0x0000009cf6600000] [id=28424]
  0x00000252e026f6f0 GCTaskThread "GC Thread#8" [stack: 0x0000009cf6600000,0x0000009cf6700000] [id=29460]
  0x00000252e026f9b0 GCTaskThread "GC Thread#9" [stack: 0x0000009cf6700000,0x0000009cf6800000] [id=29856]
  0x00000252f7cf4b20 ConcurrentGCThread "G1 Main Marker" [stack: 0x0000009cf4000000,0x0000009cf4100000] [id=26044]
  0x00000252f7cf5440 ConcurrentGCThread "G1 Conc#0" [stack: 0x0000009cf4100000,0x0000009cf4200000] [id=29948]
  0x00000252deaea0f0 ConcurrentGCThread "G1 Conc#1" [stack: 0x0000009cf6800000,0x0000009cf6900000] [id=25564]
  0x00000252deaeabf0 ConcurrentGCThread "G1 Conc#2" [stack: 0x0000009cf6900000,0x0000009cf6a00000] [id=26932]
  0x00000252f7d4d650 ConcurrentGCThread "G1 Refine#0" [stack: 0x0000009cf4200000,0x0000009cf4300000] [id=2516]
  0x00000252df0d6210 ConcurrentGCThread "G1 Refine#1" [stack: 0x0000009cf7100000,0x0000009cf7200000] [id=28012]
  0x00000252df0d5940 ConcurrentGCThread "G1 Refine#2" [stack: 0x0000009cf7200000,0x0000009cf7300000] [id=24932]
  0x00000252de949db0 ConcurrentGCThread "G1 Refine#3" [stack: 0x0000009cf8100000,0x0000009cf8200000] [id=16360]
  0x00000252de948920 ConcurrentGCThread "G1 Refine#4" [stack: 0x0000009cf8200000,0x0000009cf8300000] [id=3408]
  0x00000252de94a0a0 ConcurrentGCThread "G1 Refine#5" [stack: 0x0000009cf8300000,0x0000009cf8400000] [id=23936]
  0x00000252de948c10 ConcurrentGCThread "G1 Refine#6" [stack: 0x0000009cf8400000,0x0000009cf8500000] [id=21796]
  0x00000252de9491f0 ConcurrentGCThread "G1 Refine#7" [stack: 0x0000009cf8500000,0x0000009cf8600000] [id=8796]
  0x00000252de94a390 ConcurrentGCThread "G1 Refine#8" [stack: 0x0000009cf8600000,0x0000009cf8700000] [id=2332]
  0x00000252dcff1140 ConcurrentGCThread "G1 Refine#9" [stack: 0x0000009cf8a00000,0x0000009cf8b00000] [id=27524]
  0x000002529621e5d0 ConcurrentGCThread "G1 Service" [stack: 0x0000009cf4300000,0x0000009cf4400000] [id=13472]

Threads with active compile tasks:
C2 CompilerThread0    76054 20406       4       org.jetbrains.kotlin.fir.declarations.DeprecationUtilsKt::extractDeprecationAnnotationInfoPerUseSite (1240 bytes)
C2 CompilerThread2    76054 20651       4       org.jetbrains.org.objectweb.asm.Frame::execute (2322 bytes)

VM state: not at safepoint (normal execution)

VM Mutex/Monitor currently owned by a thread: None

Heap address: 0x0000000080000000, size: 2048 MB, Compressed Oops mode: 32-bit

CDS archive(s) mapped at: [0x0000025297000000-0x0000025297bd0000-0x0000025297bd0000), size 12386304, SharedBaseAddress: 0x0000025297000000, ArchiveRelocationMode: 1.
Compressed class space mapped at: 0x0000025298000000-0x00000252d8000000, reserved size: 1073741824
Narrow klass base: 0x0000025297000000, Narrow klass shift: 0, Narrow klass range: 0x100000000

GC Precious Log:
 CPUs: 12 total, 12 available
 Memory: 16055M
 Large Page Support: Disabled
 NUMA Support: Disabled
 Compressed Oops: Enabled (32-bit)
 Heap Region Size: 1M
 Heap Min Capacity: 8M
 Heap Initial Capacity: 252M
 Heap Max Capacity: 2G
 Pre-touch: Disabled
 Parallel Workers: 10
 Concurrent Workers: 3
 Concurrent Refinement Workers: 10
 Periodic GC: Disabled

Heap:
 garbage-first heap   total 494592K, used 337687K [0x0000000080000000, 0x0000000100000000)
  region size 1024K, 110 young (112640K), 23 survivors (23552K)
 Metaspace       used 163148K, committed 164416K, reserved 1245184K
  class space    used 21107K, committed 21696K, reserved 1048576K

Heap Regions: E=young(eden), S=young(survivor), O=old, HS=humongous(starts), HC=humongous(continues), CS=collection set, F=free, OA=open archive, CA=closed archive, TAMS=top-at-mark-start (previous, next)
|   0|0x0000000080000000, 0x0000000080100000, 0x0000000080100000|100%|HS|  |TAMS 0x0000000080100000, 0x0000000080000000| Complete 
|   1|0x0000000080100000, 0x0000000080200000, 0x0000000080200000|100%|HC|  |TAMS 0x0000000080200000, 0x0000000080100000| Complete 
|   2|0x0000000080200000, 0x0000000080300000, 0x0000000080300000|100%|HC|  |TAMS 0x0000000080300000, 0x0000000080200000| Complete 
|   3|0x0000000080300000, 0x0000000080400000, 0x0000000080400000|100%|HC|  |TAMS 0x0000000080400000, 0x0000000080300000| Complete 
|   4|0x0000000080400000, 0x0000000080500000, 0x0000000080500000|100%| O|  |TAMS 0x0000000080500000, 0x0000000080400000| Untracked 
|   5|0x0000000080500000, 0x0000000080600000, 0x0000000080600000|100%| O|  |TAMS 0x0000000080600000, 0x0000000080500000| Untracked 
|   6|0x0000000080600000, 0x0000000080700000, 0x0000000080700000|100%| O|  |TAMS 0x0000000080700000, 0x0000000080600000| Untracked 
|   7|0x0000000080700000, 0x0000000080800000, 0x0000000080800000|100%| O|  |TAMS 0x0000000080800000, 0x0000000080700000| Untracked 
|   8|0x0000000080800000, 0x0000000080900000, 0x0000000080900000|100%|HS|  |TAMS 0x0000000080900000, 0x0000000080800000| Complete 
|   9|0x0000000080900000, 0x0000000080a00000, 0x0000000080a00000|100%| O|  |TAMS 0x0000000080a00000, 0x0000000080900000| Untracked 
|  10|0x0000000080a00000, 0x0000000080b00000, 0x0000000080b00000|100%| O|  |TAMS 0x0000000080b00000, 0x0000000080a00000| Untracked 
|  11|0x0000000080b00000, 0x0000000080c00000, 0x0000000080c00000|100%| O|  |TAMS 0x0000000080c00000, 0x0000000080b00000| Untracked 
|  12|0x0000000080c00000, 0x0000000080d00000, 0x0000000080d00000|100%| O|  |TAMS 0x0000000080d00000, 0x0000000080c00000| Untracked 
|  13|0x0000000080d00000, 0x0000000080e00000, 0x0000000080e00000|100%| O|  |TAMS 0x0000000080e00000, 0x0000000080d00000| Untracked 
|  14|0x0000000080e00000, 0x0000000080f00000, 0x0000000080f00000|100%| O|  |TAMS 0x0000000080f00000, 0x0000000080e00000| Untracked 
|  15|0x0000000080f00000, 0x0000000081000000, 0x0000000081000000|100%| O|  |TAMS 0x0000000081000000, 0x0000000080f00000| Untracked 
|  16|0x0000000081000000, 0x0000000081100000, 0x0000000081100000|100%| O|  |TAMS 0x0000000081100000, 0x0000000081000000| Untracked 
|  17|0x0000000081100000, 0x0000000081200000, 0x0000000081200000|100%| O|  |TAMS 0x0000000081200000, 0x0000000081100000| Untracked 
|  18|0x0000000081200000, 0x0000000081300000, 0x0000000081300000|100%| O|  |TAMS 0x0000000081300000, 0x0000000081200000| Untracked 
|  19|0x0000000081300000, 0x0000000081400000, 0x0000000081400000|100%| O|  |TAMS 0x0000000081400000, 0x0000000081300000| Untracked 
|  20|0x0000000081400000, 0x0000000081500000, 0x0000000081500000|100%| O|  |TAMS 0x0000000081500000, 0x0000000081400000| Untracked 
|  21|0x0000000081500000, 0x0000000081600000, 0x0000000081600000|100%| O|  |TAMS 0x0000000081600000, 0x0000000081500000| Untracked 
|  22|0x0000000081600000, 0x0000000081700000, 0x0000000081700000|100%| O|  |TAMS 0x0000000081700000, 0x0000000081600000| Untracked 
|  23|0x0000000081700000, 0x0000000081800000, 0x0000000081800000|100%| O|  |TAMS 0x0000000081800000, 0x0000000081700000| Untracked 
|  24|0x0000000081800000, 0x0000000081900000, 0x0000000081900000|100%| O|  |TAMS 0x0000000081900000, 0x0000000081800000| Untracked 
|  25|0x0000000081900000, 0x0000000081a00000, 0x0000000081a00000|100%| O|  |TAMS 0x0000000081a00000, 0x0000000081900000| Untracked 
|  26|0x0000000081a00000, 0x0000000081b00000, 0x0000000081b00000|100%| O|  |TAMS 0x0000000081b00000, 0x0000000081a00000| Untracked 
|  27|0x0000000081b00000, 0x0000000081c00000, 0x0000000081c00000|100%| O|  |TAMS 0x0000000081c00000, 0x0000000081b00000| Untracked 
|  28|0x0000000081c00000, 0x0000000081d00000, 0x0000000081d00000|100%|HS|  |TAMS 0x0000000081d00000, 0x0000000081c00000| Complete 
|  29|0x0000000081d00000, 0x0000000081e00000, 0x0000000081e00000|100%| O|  |TAMS 0x0000000081e00000, 0x0000000081d00000| Untracked 
|  30|0x0000000081e00000, 0x0000000081f00000, 0x0000000081f00000|100%| O|  |TAMS 0x0000000081f00000, 0x0000000081e00000| Untracked 
|  31|0x0000000081f00000, 0x0000000082000000, 0x0000000082000000|100%| O|  |TAMS 0x0000000082000000, 0x0000000081f00000| Untracked 
|  32|0x0000000082000000, 0x0000000082100000, 0x0000000082100000|100%| O|  |TAMS 0x0000000082100000, 0x0000000082000000| Untracked 
|  33|0x0000000082100000, 0x0000000082200000, 0x0000000082200000|100%| O|  |TAMS 0x0000000082200000, 0x0000000082100000| Untracked 
|  34|0x0000000082200000, 0x0000000082300000, 0x0000000082300000|100%| O|  |TAMS 0x0000000082300000, 0x0000000082200000| Untracked 
|  35|0x0000000082300000, 0x0000000082400000, 0x0000000082400000|100%|HS|  |TAMS 0x0000000082300000, 0x0000000082300000| Complete 
|  36|0x0000000082400000, 0x0000000082500000, 0x0000000082500000|100%| O|  |TAMS 0x0000000082500000, 0x0000000082400000| Untracked 
|  37|0x0000000082500000, 0x0000000082600000, 0x0000000082600000|100%| O|  |TAMS 0x0000000082600000, 0x0000000082500000| Untracked 
|  38|0x0000000082600000, 0x0000000082700000, 0x0000000082700000|100%| O|  |TAMS 0x0000000082700000, 0x0000000082600000| Untracked 
|  39|0x0000000082700000, 0x0000000082800000, 0x0000000082800000|100%| O|  |TAMS 0x0000000082800000, 0x0000000082700000| Untracked 
|  40|0x0000000082800000, 0x0000000082900000, 0x0000000082900000|100%|HS|  |TAMS 0x0000000082900000, 0x0000000082800000| Complete 
|  41|0x0000000082900000, 0x0000000082a00000, 0x0000000082a00000|100%|HC|  |TAMS 0x0000000082a00000, 0x0000000082900000| Complete 
|  42|0x0000000082a00000, 0x0000000082b00000, 0x0000000082b00000|100%| O|  |TAMS 0x0000000082b00000, 0x0000000082a00000| Untracked 
|  43|0x0000000082b00000, 0x0000000082c00000, 0x0000000082c00000|100%| O|  |TAMS 0x0000000082c00000, 0x0000000082b00000| Untracked 
|  44|0x0000000082c00000, 0x0000000082d00000, 0x0000000082d00000|100%| O|  |TAMS 0x0000000082d00000, 0x0000000082c00000| Untracked 
|  45|0x0000000082d00000, 0x0000000082e00000, 0x0000000082e00000|100%| O|  |TAMS 0x0000000082e00000, 0x0000000082d00000| Untracked 
|  46|0x0000000082e00000, 0x0000000082f00000, 0x0000000082f00000|100%| O|  |TAMS 0x0000000082f00000, 0x0000000082e00000| Untracked 
|  47|0x0000000082f00000, 0x0000000083000000, 0x0000000083000000|100%| O|  |TAMS 0x0000000083000000, 0x0000000082f00000| Untracked 
|  48|0x0000000083000000, 0x0000000083100000, 0x0000000083100000|100%| O|  |TAMS 0x0000000083100000, 0x0000000083000000| Untracked 
|  49|0x0000000083100000, 0x0000000083200000, 0x0000000083200000|100%| O|  |TAMS 0x0000000083200000, 0x0000000083100000| Untracked 
|  50|0x0000000083200000, 0x0000000083300000, 0x0000000083300000|100%| O|  |TAMS 0x0000000083300000, 0x0000000083200000| Untracked 
|  51|0x0000000083300000, 0x0000000083400000, 0x0000000083400000|100%| O|  |TAMS 0x0000000083300000, 0x0000000083300000| Untracked 
|  52|0x0000000083400000, 0x0000000083500000, 0x0000000083500000|100%| O|  |TAMS 0x0000000083500000, 0x0000000083400000| Untracked 
|  53|0x0000000083500000, 0x0000000083600000, 0x0000000083600000|100%| O|  |TAMS 0x0000000083600000, 0x0000000083500000| Untracked 
|  54|0x0000000083600000, 0x0000000083700000, 0x0000000083700000|100%|HS|  |TAMS 0x0000000083700000, 0x0000000083600000| Complete 
|  55|0x0000000083700000, 0x0000000083800000, 0x0000000083800000|100%| O|  |TAMS 0x0000000083800000, 0x0000000083700000| Untracked 
|  56|0x0000000083800000, 0x0000000083900000, 0x0000000083900000|100%| O|  |TAMS 0x0000000083900000, 0x0000000083800000| Untracked 
|  57|0x0000000083900000, 0x0000000083a00000, 0x0000000083a00000|100%| O|  |TAMS 0x0000000083a00000, 0x0000000083900000| Untracked 
|  58|0x0000000083a00000, 0x0000000083b00000, 0x0000000083b00000|100%| O|  |TAMS 0x0000000083b00000, 0x0000000083a00000| Untracked 
|  59|0x0000000083b00000, 0x0000000083c00000, 0x0000000083c00000|100%| O|  |TAMS 0x0000000083c00000, 0x0000000083b00000| Untracked 
|  60|0x0000000083c00000, 0x0000000083d00000, 0x0000000083d00000|100%| O|  |TAMS 0x0000000083d00000, 0x0000000083c00000| Untracked 
|  61|0x0000000083d00000, 0x0000000083e00000, 0x0000000083e00000|100%| O|  |TAMS 0x0000000083d00000, 0x0000000083d00000| Untracked 
|  62|0x0000000083e00000, 0x0000000083f00000, 0x0000000083f00000|100%| O|  |TAMS 0x0000000083f00000, 0x0000000083e00000| Untracked 
|  63|0x0000000083f00000, 0x0000000084000000, 0x0000000084000000|100%| O|  |TAMS 0x0000000084000000, 0x0000000083f00000| Untracked 
|  64|0x0000000084000000, 0x0000000084100000, 0x0000000084100000|100%|HS|  |TAMS 0x0000000084000000, 0x0000000084000000| Complete 
|  65|0x0000000084100000, 0x0000000084200000, 0x0000000084200000|100%|HS|  |TAMS 0x0000000084200000, 0x0000000084100000| Complete 
|  66|0x0000000084200000, 0x0000000084300000, 0x0000000084300000|100%| O|  |TAMS 0x0000000084300000, 0x0000000084200000| Untracked 
|  67|0x0000000084300000, 0x0000000084400000, 0x0000000084400000|100%| O|  |TAMS 0x0000000084400000, 0x0000000084300000| Untracked 
|  68|0x0000000084400000, 0x0000000084500000, 0x0000000084500000|100%| O|  |TAMS 0x0000000084500000, 0x0000000084400000| Untracked 
|  69|0x0000000084500000, 0x0000000084600000, 0x0000000084600000|100%| O|  |TAMS 0x0000000084600000, 0x0000000084500000| Untracked 
|  70|0x0000000084600000, 0x0000000084700000, 0x0000000084700000|100%| O|  |TAMS 0x0000000084700000, 0x0000000084600000| Untracked 
|  71|0x0000000084700000, 0x0000000084800000, 0x0000000084800000|100%| O|  |TAMS 0x0000000084800000, 0x0000000084700000| Untracked 
|  72|0x0000000084800000, 0x0000000084900000, 0x0000000084900000|100%| O|  |TAMS 0x0000000084900000, 0x0000000084800000| Untracked 
|  73|0x0000000084900000, 0x0000000084a00000, 0x0000000084a00000|100%| O|  |TAMS 0x0000000084a00000, 0x0000000084900000| Untracked 
|  74|0x0000000084a00000, 0x0000000084b00000, 0x0000000084b00000|100%| O|  |TAMS 0x0000000084b00000, 0x0000000084a00000| Untracked 
|  75|0x0000000084b00000, 0x0000000084c00000, 0x0000000084c00000|100%| O|  |TAMS 0x0000000084c00000, 0x0000000084b00000| Untracked 
|  76|0x0000000084c00000, 0x0000000084d00000, 0x0000000084d00000|100%| O|  |TAMS 0x0000000084d00000, 0x0000000084c00000| Untracked 
|  77|0x0000000084d00000, 0x0000000084e00000, 0x0000000084e00000|100%| O|  |TAMS 0x0000000084e00000, 0x0000000084d00000| Untracked 
|  78|0x0000000084e00000, 0x0000000084f00000, 0x0000000084f00000|100%| O|  |TAMS 0x0000000084f00000, 0x0000000084e00000| Untracked 
|  79|0x0000000084f00000, 0x0000000085000000, 0x0000000085000000|100%| O|  |TAMS 0x0000000085000000, 0x0000000084f00000| Untracked 
|  80|0x0000000085000000, 0x0000000085100000, 0x0000000085100000|100%| O|  |TAMS 0x0000000085100000, 0x0000000085000000| Untracked 
|  81|0x0000000085100000, 0x0000000085200000, 0x0000000085200000|100%| O|  |TAMS 0x0000000085200000, 0x0000000085100000| Untracked 
|  82|0x0000000085200000, 0x0000000085300000, 0x0000000085300000|100%| O|  |TAMS 0x0000000085300000, 0x0000000085200000| Untracked 
|  83|0x0000000085300000, 0x0000000085400000, 0x0000000085400000|100%| O|  |TAMS 0x0000000085400000, 0x0000000085300000| Untracked 
|  84|0x0000000085400000, 0x0000000085500000, 0x0000000085500000|100%| O|  |TAMS 0x0000000085500000, 0x0000000085400000| Untracked 
|  85|0x0000000085500000, 0x0000000085600000, 0x0000000085600000|100%| O|  |TAMS 0x0000000085600000, 0x0000000085500000| Untracked 
|  86|0x0000000085600000, 0x0000000085700000, 0x0000000085700000|100%| O|  |TAMS 0x0000000085700000, 0x0000000085600000| Untracked 
|  87|0x0000000085700000, 0x0000000085800000, 0x0000000085800000|100%| O|  |TAMS 0x0000000085800000, 0x0000000085700000| Untracked 
|  88|0x0000000085800000, 0x0000000085900000, 0x0000000085900000|100%| O|  |TAMS 0x0000000085900000, 0x0000000085800000| Untracked 
|  89|0x0000000085900000, 0x0000000085a00000, 0x0000000085a00000|100%| O|  |TAMS 0x0000000085a00000, 0x0000000085900000| Untracked 
|  90|0x0000000085a00000, 0x0000000085b00000, 0x0000000085b00000|100%| O|  |TAMS 0x0000000085b00000, 0x0000000085a00000| Untracked 
|  91|0x0000000085b00000, 0x0000000085c00000, 0x0000000085c00000|100%| O|  |TAMS 0x0000000085c00000, 0x0000000085b00000| Untracked 
|  92|0x0000000085c00000, 0x0000000085d00000, 0x0000000085d00000|100%| O|  |TAMS 0x0000000085d00000, 0x0000000085c00000| Untracked 
|  93|0x0000000085d00000, 0x0000000085e00000, 0x0000000085e00000|100%| O|  |TAMS 0x0000000085e00000, 0x0000000085d00000| Untracked 
|  94|0x0000000085e00000, 0x0000000085f00000, 0x0000000085f00000|100%| O|  |TAMS 0x0000000085f00000, 0x0000000085e00000| Untracked 
|  95|0x0000000085f00000, 0x0000000086000000, 0x0000000086000000|100%| O|  |TAMS 0x0000000086000000, 0x0000000085f00000| Untracked 
|  96|0x0000000086000000, 0x0000000086100000, 0x0000000086100000|100%| O|  |TAMS 0x0000000086100000, 0x0000000086000000| Untracked 
|  97|0x0000000086100000, 0x0000000086200000, 0x0000000086200000|100%| O|  |TAMS 0x0000000086200000, 0x0000000086100000| Untracked 
|  98|0x0000000086200000, 0x0000000086300000, 0x0000000086300000|100%| O|  |TAMS 0x0000000086300000, 0x0000000086200000| Untracked 
|  99|0x0000000086300000, 0x0000000086400000, 0x0000000086400000|100%| O|  |TAMS 0x0000000086400000, 0x0000000086300000| Untracked 
| 100|0x0000000086400000, 0x0000000086500000, 0x0000000086500000|100%| O|  |TAMS 0x0000000086500000, 0x0000000086400000| Untracked 
| 101|0x0000000086500000, 0x0000000086600000, 0x0000000086600000|100%| O|  |TAMS 0x0000000086600000, 0x0000000086500000| Untracked 
| 102|0x0000000086600000, 0x0000000086700000, 0x0000000086700000|100%| O|  |TAMS 0x000000008661ec00, 0x0000000086600000| Untracked 
| 103|0x0000000086700000, 0x0000000086800000, 0x0000000086800000|100%|HS|  |TAMS 0x0000000086800000, 0x0000000086700000| Complete 
| 104|0x0000000086800000, 0x0000000086900000, 0x0000000086900000|100%| O|  |TAMS 0x0000000086800000, 0x0000000086800000| Untracked 
| 105|0x0000000086900000, 0x0000000086a00000, 0x0000000086a00000|100%| O|  |TAMS 0x0000000086900000, 0x0000000086900000| Untracked 
| 106|0x0000000086a00000, 0x0000000086b00000, 0x0000000086b00000|100%| O|  |TAMS 0x0000000086a00000, 0x0000000086a00000| Untracked 
| 107|0x0000000086b00000, 0x0000000086c00000, 0x0000000086c00000|100%| O|  |TAMS 0x0000000086b00000, 0x0000000086b00000| Untracked 
| 108|0x0000000086c00000, 0x0000000086d00000, 0x0000000086d00000|100%| O|  |TAMS 0x0000000086c00000, 0x0000000086c00000| Untracked 
| 109|0x0000000086d00000, 0x0000000086e00000, 0x0000000086e00000|100%| O|  |TAMS 0x0000000086d00000, 0x0000000086d00000| Untracked 
| 110|0x0000000086e00000, 0x0000000086f00000, 0x0000000086f00000|100%| O|  |TAMS 0x0000000086f00000, 0x0000000086e00000| Untracked 
| 111|0x0000000086f00000, 0x0000000087000000, 0x0000000087000000|100%| O|  |TAMS 0x0000000086f00000, 0x0000000086f00000| Untracked 
| 112|0x0000000087000000, 0x0000000087100000, 0x0000000087100000|100%| O|  |TAMS 0x0000000087100000, 0x0000000087000000| Untracked 
| 113|0x0000000087100000, 0x0000000087200000, 0x0000000087200000|100%| O|  |TAMS 0x0000000087200000, 0x0000000087100000| Untracked 
| 114|0x0000000087200000, 0x0000000087300000, 0x0000000087300000|100%| O|  |TAMS 0x0000000087200000, 0x0000000087200000| Untracked 
| 115|0x0000000087300000, 0x0000000087400000, 0x0000000087400000|100%| O|  |TAMS 0x0000000087300000, 0x0000000087300000| Untracked 
| 116|0x0000000087400000, 0x0000000087500000, 0x0000000087500000|100%| O|  |TAMS 0x0000000087400000, 0x0000000087400000| Untracked 
| 117|0x0000000087500000, 0x0000000087600000, 0x0000000087600000|100%| O|  |TAMS 0x0000000087600000, 0x0000000087500000| Untracked 
| 118|0x0000000087600000, 0x0000000087700000, 0x0000000087700000|100%| O|  |TAMS 0x0000000087700000, 0x0000000087600000| Untracked 
| 119|0x0000000087700000, 0x0000000087800000, 0x0000000087800000|100%| O|  |TAMS 0x0000000087700000, 0x0000000087700000| Untracked 
| 120|0x0000000087800000, 0x0000000087900000, 0x0000000087900000|100%| O|  |TAMS 0x0000000087800000, 0x0000000087800000| Untracked 
| 121|0x0000000087900000, 0x0000000087a00000, 0x0000000087a00000|100%| O|  |TAMS 0x0000000087900000, 0x0000000087900000| Untracked 
| 122|0x0000000087a00000, 0x0000000087b00000, 0x0000000087b00000|100%| O|  |TAMS 0x0000000087a00000, 0x0000000087a00000| Untracked 
| 123|0x0000000087b00000, 0x0000000087c00000, 0x0000000087c00000|100%| O|  |TAMS 0x0000000087b00000, 0x0000000087b00000| Untracked 
| 124|0x0000000087c00000, 0x0000000087d00000, 0x0000000087d00000|100%| O|  |TAMS 0x0000000087c00000, 0x0000000087c00000| Untracked 
| 125|0x0000000087d00000, 0x0000000087e00000, 0x0000000087e00000|100%| O|  |TAMS 0x0000000087d00000, 0x0000000087d00000| Untracked 
| 126|0x0000000087e00000, 0x0000000087f00000, 0x0000000087f00000|100%| O|  |TAMS 0x0000000087f00000, 0x0000000087e00000| Untracked 
| 127|0x0000000087f00000, 0x0000000088000000, 0x0000000088000000|100%| O|  |TAMS 0x0000000087f00000, 0x0000000087f00000| Untracked 
| 128|0x0000000088000000, 0x0000000088100000, 0x0000000088100000|100%| O|  |TAMS 0x0000000088100000, 0x0000000088000000| Untracked 
| 129|0x0000000088100000, 0x0000000088200000, 0x0000000088200000|100%| O|  |TAMS 0x0000000088100000, 0x0000000088100000| Untracked 
| 130|0x0000000088200000, 0x0000000088300000, 0x0000000088300000|100%| O|  |TAMS 0x0000000088300000, 0x0000000088200000| Untracked 
| 131|0x0000000088300000, 0x0000000088400000, 0x0000000088400000|100%| O|  |TAMS 0x0000000088300000, 0x0000000088300000| Untracked 
| 132|0x0000000088400000, 0x0000000088500000, 0x0000000088500000|100%| O|  |TAMS 0x0000000088400000, 0x0000000088400000| Untracked 
| 133|0x0000000088500000, 0x0000000088600000, 0x0000000088600000|100%| O|  |TAMS 0x0000000088500000, 0x0000000088500000| Untracked 
| 134|0x0000000088600000, 0x0000000088700000, 0x0000000088700000|100%| O|  |TAMS 0x0000000088600000, 0x0000000088600000| Untracked 
| 135|0x0000000088700000, 0x0000000088800000, 0x0000000088800000|100%| O|  |TAMS 0x0000000088700000, 0x0000000088700000| Untracked 
| 136|0x0000000088800000, 0x0000000088900000, 0x0000000088900000|100%| O|  |TAMS 0x0000000088800000, 0x0000000088800000| Untracked 
| 137|0x0000000088900000, 0x0000000088a00000, 0x0000000088a00000|100%| O|  |TAMS 0x0000000088900000, 0x0000000088900000| Untracked 
| 138|0x0000000088a00000, 0x0000000088b00000, 0x0000000088b00000|100%| O|  |TAMS 0x0000000088a00000, 0x0000000088a00000| Untracked 
| 139|0x0000000088b00000, 0x0000000088c00000, 0x0000000088c00000|100%| O|  |TAMS 0x0000000088c00000, 0x0000000088b00000| Untracked 
| 140|0x0000000088c00000, 0x0000000088d00000, 0x0000000088d00000|100%| O|  |TAMS 0x0000000088d00000, 0x0000000088c00000| Untracked 
| 141|0x0000000088d00000, 0x0000000088e00000, 0x0000000088e00000|100%| O|  |TAMS 0x0000000088d00000, 0x0000000088d00000| Untracked 
| 142|0x0000000088e00000, 0x0000000088f00000, 0x0000000088f00000|100%| O|  |TAMS 0x0000000088f00000, 0x0000000088e00000| Untracked 
| 143|0x0000000088f00000, 0x0000000089000000, 0x0000000089000000|100%| O|  |TAMS 0x0000000088f00000, 0x0000000088f00000| Untracked 
| 144|0x0000000089000000, 0x0000000089100000, 0x0000000089100000|100%| O|  |TAMS 0x0000000089000000, 0x0000000089000000| Untracked 
| 145|0x0000000089100000, 0x0000000089200000, 0x0000000089200000|100%| O|  |TAMS 0x0000000089100000, 0x0000000089100000| Untracked 
| 146|0x0000000089200000, 0x0000000089300000, 0x0000000089300000|100%| O|  |TAMS 0x0000000089200000, 0x0000000089200000| Untracked 
| 147|0x0000000089300000, 0x0000000089400000, 0x0000000089400000|100%| O|  |TAMS 0x0000000089300000, 0x0000000089300000| Untracked 
| 148|0x0000000089400000, 0x0000000089500000, 0x0000000089500000|100%| O|  |TAMS 0x0000000089400000, 0x0000000089400000| Untracked 
| 149|0x0000000089500000, 0x0000000089600000, 0x0000000089600000|100%| O|  |TAMS 0x0000000089500000, 0x0000000089500000| Untracked 
| 150|0x0000000089600000, 0x0000000089700000, 0x0000000089700000|100%| O|  |TAMS 0x0000000089600000, 0x0000000089600000| Untracked 
| 151|0x0000000089700000, 0x0000000089800000, 0x0000000089800000|100%| O|  |TAMS 0x0000000089700000, 0x0000000089700000| Untracked 
| 152|0x0000000089800000, 0x0000000089900000, 0x0000000089900000|100%| O|  |TAMS 0x0000000089800000, 0x0000000089800000| Untracked 
| 153|0x0000000089900000, 0x0000000089a00000, 0x0000000089a00000|100%| O|  |TAMS 0x0000000089900000, 0x0000000089900000| Untracked 
| 154|0x0000000089a00000, 0x0000000089b00000, 0x0000000089b00000|100%| O|  |TAMS 0x0000000089a00000, 0x0000000089a00000| Untracked 
| 155|0x0000000089b00000, 0x0000000089c00000, 0x0000000089c00000|100%| O|  |TAMS 0x0000000089b00000, 0x0000000089b00000| Untracked 
| 156|0x0000000089c00000, 0x0000000089d00000, 0x0000000089d00000|100%| O|  |TAMS 0x0000000089c00000, 0x0000000089c00000| Untracked 
| 157|0x0000000089d00000, 0x0000000089e00000, 0x0000000089e00000|100%| O|  |TAMS 0x0000000089d00000, 0x0000000089d00000| Untracked 
| 158|0x0000000089e00000, 0x0000000089f00000, 0x0000000089f00000|100%| O|  |TAMS 0x0000000089e00000, 0x0000000089e00000| Untracked 
| 159|0x0000000089f00000, 0x000000008a000000, 0x000000008a000000|100%| O|  |TAMS 0x0000000089f00000, 0x0000000089f00000| Untracked 
| 160|0x000000008a000000, 0x000000008a100000, 0x000000008a100000|100%| O|  |TAMS 0x000000008a000000, 0x000000008a000000| Untracked 
| 161|0x000000008a100000, 0x000000008a200000, 0x000000008a200000|100%| O|  |TAMS 0x000000008a100000, 0x000000008a100000| Untracked 
| 162|0x000000008a200000, 0x000000008a300000, 0x000000008a300000|100%| O|  |TAMS 0x000000008a200000, 0x000000008a200000| Untracked 
| 163|0x000000008a300000, 0x000000008a400000, 0x000000008a400000|100%| O|  |TAMS 0x000000008a300000, 0x000000008a300000| Untracked 
| 164|0x000000008a400000, 0x000000008a500000, 0x000000008a500000|100%| O|  |TAMS 0x000000008a400000, 0x000000008a400000| Untracked 
| 165|0x000000008a500000, 0x000000008a600000, 0x000000008a600000|100%| O|  |TAMS 0x000000008a500000, 0x000000008a500000| Untracked 
| 166|0x000000008a600000, 0x000000008a700000, 0x000000008a700000|100%| O|  |TAMS 0x000000008a600000, 0x000000008a600000| Untracked 
| 167|0x000000008a700000, 0x000000008a800000, 0x000000008a800000|100%| O|  |TAMS 0x000000008a700000, 0x000000008a700000| Untracked 
| 168|0x000000008a800000, 0x000000008a900000, 0x000000008a900000|100%| O|  |TAMS 0x000000008a800000, 0x000000008a800000| Untracked 
| 169|0x000000008a900000, 0x000000008aa00000, 0x000000008aa00000|100%| O|  |TAMS 0x000000008a900000, 0x000000008a900000| Untracked 
| 170|0x000000008aa00000, 0x000000008ab00000, 0x000000008ab00000|100%| O|  |TAMS 0x000000008aa00000, 0x000000008aa00000| Untracked 
| 171|0x000000008ab00000, 0x000000008ac00000, 0x000000008ac00000|100%| O|  |TAMS 0x000000008ab00000, 0x000000008ab00000| Untracked 
| 172|0x000000008ac00000, 0x000000008ad00000, 0x000000008ad00000|100%| O|  |TAMS 0x000000008ac00000, 0x000000008ac00000| Untracked 
| 173|0x000000008ad00000, 0x000000008ae00000, 0x000000008ae00000|100%| O|  |TAMS 0x000000008ad00000, 0x000000008ad00000| Untracked 
| 174|0x000000008ae00000, 0x000000008af00000, 0x000000008af00000|100%| O|  |TAMS 0x000000008ae00000, 0x000000008ae00000| Untracked 
| 175|0x000000008af00000, 0x000000008b000000, 0x000000008b000000|100%| O|  |TAMS 0x000000008af00000, 0x000000008af00000| Untracked 
| 176|0x000000008b000000, 0x000000008b100000, 0x000000008b100000|100%| O|  |TAMS 0x000000008b000000, 0x000000008b000000| Untracked 
| 177|0x000000008b100000, 0x000000008b200000, 0x000000008b200000|100%| O|  |TAMS 0x000000008b100000, 0x000000008b100000| Untracked 
| 178|0x000000008b200000, 0x000000008b300000, 0x000000008b300000|100%| O|  |TAMS 0x000000008b200000, 0x000000008b200000| Untracked 
| 179|0x000000008b300000, 0x000000008b400000, 0x000000008b400000|100%| O|  |TAMS 0x000000008b300000, 0x000000008b300000| Untracked 
| 180|0x000000008b400000, 0x000000008b500000, 0x000000008b500000|100%| O|  |TAMS 0x000000008b400000, 0x000000008b400000| Untracked 
| 181|0x000000008b500000, 0x000000008b600000, 0x000000008b600000|100%| O|  |TAMS 0x000000008b600000, 0x000000008b500000| Untracked 
| 182|0x000000008b600000, 0x000000008b700000, 0x000000008b700000|100%| O|  |TAMS 0x000000008b600000, 0x000000008b600000| Untracked 
| 183|0x000000008b700000, 0x000000008b800000, 0x000000008b800000|100%| O|  |TAMS 0x000000008b700000, 0x000000008b700000| Untracked 
| 184|0x000000008b800000, 0x000000008b900000, 0x000000008b900000|100%| O|  |TAMS 0x000000008b800000, 0x000000008b800000| Untracked 
| 185|0x000000008b900000, 0x000000008ba00000, 0x000000008ba00000|100%| O|  |TAMS 0x000000008ba00000, 0x000000008b900000| Untracked 
| 186|0x000000008ba00000, 0x000000008bb00000, 0x000000008bb00000|100%| O|  |TAMS 0x000000008ba00000, 0x000000008ba00000| Untracked 
| 187|0x000000008bb00000, 0x000000008bc00000, 0x000000008bc00000|100%| O|  |TAMS 0x000000008bb00000, 0x000000008bb00000| Untracked 
| 188|0x000000008bc00000, 0x000000008bd00000, 0x000000008bd00000|100%| O|  |TAMS 0x000000008bc00000, 0x000000008bc00000| Untracked 
| 189|0x000000008bd00000, 0x000000008be00000, 0x000000008be00000|100%| O|  |TAMS 0x000000008bd00000, 0x000000008bd00000| Untracked 
| 190|0x000000008be00000, 0x000000008bf00000, 0x000000008bf00000|100%| O|  |TAMS 0x000000008bf00000, 0x000000008be00000| Untracked 
| 191|0x000000008bf00000, 0x000000008c000000, 0x000000008c000000|100%| O|  |TAMS 0x000000008bf00000, 0x000000008bf00000| Untracked 
| 192|0x000000008c000000, 0x000000008c100000, 0x000000008c100000|100%| O|  |TAMS 0x000000008c100000, 0x000000008c000000| Untracked 
| 193|0x000000008c100000, 0x000000008c200000, 0x000000008c200000|100%| O|  |TAMS 0x000000008c200000, 0x000000008c100000| Untracked 
| 194|0x000000008c200000, 0x000000008c300000, 0x000000008c300000|100%| O|  |TAMS 0x000000008c300000, 0x000000008c200000| Untracked 
| 195|0x000000008c300000, 0x000000008c400000, 0x000000008c400000|100%| O|  |TAMS 0x000000008c300000, 0x000000008c300000| Untracked 
| 196|0x000000008c400000, 0x000000008c500000, 0x000000008c500000|100%| O|  |TAMS 0x000000008c400000, 0x000000008c400000| Untracked 
| 197|0x000000008c500000, 0x000000008c600000, 0x000000008c600000|100%| O|  |TAMS 0x000000008c500000, 0x000000008c500000| Untracked 
| 198|0x000000008c600000, 0x000000008c700000, 0x000000008c700000|100%| O|  |TAMS 0x000000008c600000, 0x000000008c600000| Untracked 
| 199|0x000000008c700000, 0x000000008c800000, 0x000000008c800000|100%| O|  |TAMS 0x000000008c700000, 0x000000008c700000| Untracked 
| 200|0x000000008c800000, 0x000000008c900000, 0x000000008c900000|100%| O|  |TAMS 0x000000008c800000, 0x000000008c800000| Untracked 
| 201|0x000000008c900000, 0x000000008ca00000, 0x000000008ca00000|100%| O|  |TAMS 0x000000008c900000, 0x000000008c900000| Untracked 
| 202|0x000000008ca00000, 0x000000008cb00000, 0x000000008cb00000|100%| O|  |TAMS 0x000000008ca00000, 0x000000008ca00000| Untracked 
| 203|0x000000008cb00000, 0x000000008cc00000, 0x000000008cc00000|100%| O|  |TAMS 0x000000008cb00000, 0x000000008cb00000| Untracked 
| 204|0x000000008cc00000, 0x000000008cd00000, 0x000000008cd00000|100%| O|  |TAMS 0x000000008cc00000, 0x000000008cc00000| Untracked 
| 205|0x000000008cd00000, 0x000000008ce00000, 0x000000008ce00000|100%| O|  |TAMS 0x000000008cd00000, 0x000000008cd00000| Untracked 
| 206|0x000000008ce00000, 0x000000008cec5c00, 0x000000008cf00000| 77%| O|  |TAMS 0x000000008ce00000, 0x000000008ce00000| Untracked 
| 207|0x000000008cf00000, 0x000000008d000000, 0x000000008d000000|100%|HS|  |TAMS 0x000000008cf00000, 0x000000008cf00000| Complete 
| 208|0x000000008d000000, 0x000000008d100000, 0x000000008d100000|100%|HS|  |TAMS 0x000000008d100000, 0x000000008d000000| Complete 
| 209|0x000000008d100000, 0x000000008d200000, 0x000000008d200000|100%|HS|  |TAMS 0x000000008d200000, 0x000000008d100000| Complete 
| 210|0x000000008d200000, 0x000000008d300000, 0x000000008d300000|100%|HS|  |TAMS 0x000000008d300000, 0x000000008d200000| Complete 
| 211|0x000000008d300000, 0x000000008d400000, 0x000000008d400000|100%|HS|  |TAMS 0x000000008d400000, 0x000000008d300000| Complete 
| 212|0x000000008d400000, 0x000000008d500000, 0x000000008d500000|100%|HC|  |TAMS 0x000000008d500000, 0x000000008d400000| Complete 
| 213|0x000000008d500000, 0x000000008d600000, 0x000000008d600000|100%|HS|  |TAMS 0x000000008d600000, 0x000000008d500000| Complete 
| 214|0x000000008d600000, 0x000000008d700000, 0x000000008d700000|100%|HS|  |TAMS 0x000000008d700000, 0x000000008d600000| Complete 
| 215|0x000000008d700000, 0x000000008d700000, 0x000000008d800000|  0%| F|  |TAMS 0x000000008d700000, 0x000000008d700000| Untracked 
| 216|0x000000008d800000, 0x000000008d800000, 0x000000008d900000|  0%| F|  |TAMS 0x000000008d800000, 0x000000008d800000| Untracked 
| 217|0x000000008d900000, 0x000000008d900000, 0x000000008da00000|  0%| F|  |TAMS 0x000000008d900000, 0x000000008d900000| Untracked 
| 218|0x000000008da00000, 0x000000008da00000, 0x000000008db00000|  0%| F|  |TAMS 0x000000008da00000, 0x000000008da00000| Untracked 
| 219|0x000000008db00000, 0x000000008db00000, 0x000000008dc00000|  0%| F|  |TAMS 0x000000008db00000, 0x000000008db00000| Untracked 
| 220|0x000000008dc00000, 0x000000008dc00000, 0x000000008dd00000|  0%| F|  |TAMS 0x000000008dc00000, 0x000000008dc00000| Untracked 
| 221|0x000000008dd00000, 0x000000008dd00000, 0x000000008de00000|  0%| F|  |TAMS 0x000000008dd00000, 0x000000008dd00000| Untracked 
| 222|0x000000008de00000, 0x000000008de00000, 0x000000008df00000|  0%| F|  |TAMS 0x000000008de00000, 0x000000008de00000| Untracked 
| 223|0x000000008df00000, 0x000000008df00000, 0x000000008e000000|  0%| F|  |TAMS 0x000000008df00000, 0x000000008df00000| Untracked 
| 224|0x000000008e000000, 0x000000008e000000, 0x000000008e100000|  0%| F|  |TAMS 0x000000008e000000, 0x000000008e000000| Untracked 
| 225|0x000000008e100000, 0x000000008e100000, 0x000000008e200000|  0%| F|  |TAMS 0x000000008e100000, 0x000000008e100000| Untracked 
| 226|0x000000008e200000, 0x000000008e200000, 0x000000008e300000|  0%| F|  |TAMS 0x000000008e200000, 0x000000008e200000| Untracked 
| 227|0x000000008e300000, 0x000000008e300000, 0x000000008e400000|  0%| F|  |TAMS 0x000000008e300000, 0x000000008e300000| Untracked 
| 228|0x000000008e400000, 0x000000008e400000, 0x000000008e500000|  0%| F|  |TAMS 0x000000008e400000, 0x000000008e400000| Untracked 
| 229|0x000000008e500000, 0x000000008e500000, 0x000000008e600000|  0%| F|  |TAMS 0x000000008e500000, 0x000000008e500000| Untracked 
| 230|0x000000008e600000, 0x000000008e600000, 0x000000008e700000|  0%| F|  |TAMS 0x000000008e600000, 0x000000008e600000| Untracked 
| 231|0x000000008e700000, 0x000000008e700000, 0x000000008e800000|  0%| F|  |TAMS 0x000000008e700000, 0x000000008e700000| Untracked 
| 232|0x000000008e800000, 0x000000008e800000, 0x000000008e900000|  0%| F|  |TAMS 0x000000008e800000, 0x000000008e800000| Untracked 
| 233|0x000000008e900000, 0x000000008ea00000, 0x000000008ea00000|100%| O|  |TAMS 0x000000008ea00000, 0x000000008e900000| Untracked 
| 234|0x000000008ea00000, 0x000000008eb00000, 0x000000008eb00000|100%| O|  |TAMS 0x000000008eb00000, 0x000000008ea00000| Untracked 
| 235|0x000000008eb00000, 0x000000008ec00000, 0x000000008ec00000|100%| O|  |TAMS 0x000000008ec00000, 0x000000008eb00000| Untracked 
| 236|0x000000008ec00000, 0x000000008ec00000, 0x000000008ed00000|  0%| F|  |TAMS 0x000000008ec00000, 0x000000008ec00000| Untracked 
| 237|0x000000008ed00000, 0x000000008ed00000, 0x000000008ee00000|  0%| F|  |TAMS 0x000000008ed00000, 0x000000008ed00000| Untracked 
| 238|0x000000008ee00000, 0x000000008ee00000, 0x000000008ef00000|  0%| F|  |TAMS 0x000000008ee00000, 0x000000008ee00000| Untracked 
| 239|0x000000008ef00000, 0x000000008f000000, 0x000000008f000000|100%| O|  |TAMS 0x000000008f000000, 0x000000008ef00000| Untracked 
| 240|0x000000008f000000, 0x000000008f100000, 0x000000008f100000|100%| O|  |TAMS 0x000000008f100000, 0x000000008f000000| Untracked 
| 241|0x000000008f100000, 0x000000008f100000, 0x000000008f200000|  0%| F|  |TAMS 0x000000008f100000, 0x000000008f100000| Untracked 
| 242|0x000000008f200000, 0x000000008f200000, 0x000000008f300000|  0%| F|  |TAMS 0x000000008f200000, 0x000000008f200000| Untracked 
| 243|0x000000008f300000, 0x000000008f300000, 0x000000008f400000|  0%| F|  |TAMS 0x000000008f300000, 0x000000008f300000| Untracked 
| 244|0x000000008f400000, 0x000000008f400000, 0x000000008f500000|  0%| F|  |TAMS 0x000000008f400000, 0x000000008f400000| Untracked 
| 245|0x000000008f500000, 0x000000008f500000, 0x000000008f600000|  0%| F|  |TAMS 0x000000008f500000, 0x000000008f500000| Untracked 
| 246|0x000000008f600000, 0x000000008f600000, 0x000000008f700000|  0%| F|  |TAMS 0x000000008f600000, 0x000000008f600000| Untracked 
| 247|0x000000008f700000, 0x000000008f700000, 0x000000008f800000|  0%| F|  |TAMS 0x000000008f700000, 0x000000008f700000| Untracked 
| 248|0x000000008f800000, 0x000000008f800000, 0x000000008f900000|  0%| F|  |TAMS 0x000000008f800000, 0x000000008f800000| Untracked 
| 249|0x000000008f900000, 0x000000008f900000, 0x000000008fa00000|  0%| F|  |TAMS 0x000000008f900000, 0x000000008f900000| Untracked 
| 250|0x000000008fa00000, 0x000000008fa00000, 0x000000008fb00000|  0%| F|  |TAMS 0x000000008fa00000, 0x000000008fa00000| Untracked 
| 251|0x000000008fb00000, 0x000000008fb00000, 0x000000008fc00000|  0%| F|  |TAMS 0x000000008fb00000, 0x000000008fb00000| Untracked 
| 252|0x000000008fc00000, 0x000000008fc00000, 0x000000008fd00000|  0%| F|  |TAMS 0x000000008fc00000, 0x000000008fc00000| Untracked 
| 253|0x000000008fd00000, 0x000000008fd00000, 0x000000008fe00000|  0%| F|  |TAMS 0x000000008fd00000, 0x000000008fd00000| Untracked 
| 254|0x000000008fe00000, 0x000000008fe00000, 0x000000008ff00000|  0%| F|  |TAMS 0x000000008fe00000, 0x000000008fe00000| Untracked 
| 255|0x000000008ff00000, 0x000000008ff00000, 0x0000000090000000|  0%| F|  |TAMS 0x000000008ff00000, 0x000000008ff00000| Untracked 
| 256|0x0000000090000000, 0x0000000090000000, 0x0000000090100000|  0%| F|  |TAMS 0x0000000090000000, 0x0000000090000000| Untracked 
| 257|0x0000000090100000, 0x0000000090100000, 0x0000000090200000|  0%| F|  |TAMS 0x0000000090100000, 0x0000000090100000| Untracked 
| 258|0x0000000090200000, 0x0000000090200000, 0x0000000090300000|  0%| F|  |TAMS 0x0000000090200000, 0x0000000090200000| Untracked 
| 259|0x0000000090300000, 0x0000000090300000, 0x0000000090400000|  0%| F|  |TAMS 0x0000000090300000, 0x0000000090300000| Untracked 
| 260|0x0000000090400000, 0x0000000090400000, 0x0000000090500000|  0%| F|  |TAMS 0x0000000090400000, 0x0000000090400000| Untracked 
| 261|0x0000000090500000, 0x0000000090500000, 0x0000000090600000|  0%| F|  |TAMS 0x0000000090500000, 0x0000000090500000| Untracked 
| 262|0x0000000090600000, 0x0000000090600000, 0x0000000090700000|  0%| F|  |TAMS 0x0000000090600000, 0x0000000090600000| Untracked 
| 263|0x0000000090700000, 0x0000000090700000, 0x0000000090800000|  0%| F|  |TAMS 0x0000000090700000, 0x0000000090700000| Untracked 
| 264|0x0000000090800000, 0x0000000090800000, 0x0000000090900000|  0%| F|  |TAMS 0x0000000090800000, 0x0000000090800000| Untracked 
| 265|0x0000000090900000, 0x0000000090900000, 0x0000000090a00000|  0%| F|  |TAMS 0x0000000090900000, 0x0000000090900000| Untracked 
| 266|0x0000000090a00000, 0x0000000090a00000, 0x0000000090b00000|  0%| F|  |TAMS 0x0000000090a00000, 0x0000000090a00000| Untracked 
| 267|0x0000000090b00000, 0x0000000090b00000, 0x0000000090c00000|  0%| F|  |TAMS 0x0000000090b00000, 0x0000000090b00000| Untracked 
| 268|0x0000000090c00000, 0x0000000090c00000, 0x0000000090d00000|  0%| F|  |TAMS 0x0000000090c00000, 0x0000000090c00000| Untracked 
| 269|0x0000000090d00000, 0x0000000090d00000, 0x0000000090e00000|  0%| F|  |TAMS 0x0000000090d00000, 0x0000000090d00000| Untracked 
| 270|0x0000000090e00000, 0x0000000090e00000, 0x0000000090f00000|  0%| F|  |TAMS 0x0000000090e00000, 0x0000000090e00000| Untracked 
| 271|0x0000000090f00000, 0x0000000090f00000, 0x0000000091000000|  0%| F|  |TAMS 0x0000000090f00000, 0x0000000090f00000| Untracked 
| 272|0x0000000091000000, 0x0000000091000000, 0x0000000091100000|  0%| F|  |TAMS 0x0000000091000000, 0x0000000091000000| Untracked 
| 273|0x0000000091100000, 0x0000000091100000, 0x0000000091200000|  0%| F|  |TAMS 0x0000000091100000, 0x0000000091100000| Untracked 
| 274|0x0000000091200000, 0x0000000091200000, 0x0000000091300000|  0%| F|  |TAMS 0x0000000091200000, 0x0000000091200000| Untracked 
| 275|0x0000000091300000, 0x0000000091300000, 0x0000000091400000|  0%| F|  |TAMS 0x0000000091300000, 0x0000000091300000| Untracked 
| 276|0x0000000091400000, 0x0000000091400000, 0x0000000091500000|  0%| F|  |TAMS 0x0000000091400000, 0x0000000091400000| Untracked 
| 277|0x0000000091500000, 0x0000000091500000, 0x0000000091600000|  0%| F|  |TAMS 0x0000000091500000, 0x0000000091500000| Untracked 
| 278|0x0000000091600000, 0x0000000091600000, 0x0000000091700000|  0%| F|  |TAMS 0x0000000091600000, 0x0000000091600000| Untracked 
| 279|0x0000000091700000, 0x0000000091700000, 0x0000000091800000|  0%| F|  |TAMS 0x0000000091700000, 0x0000000091700000| Untracked 
| 280|0x0000000091800000, 0x0000000091900000, 0x0000000091900000|100%| S|CS|TAMS 0x0000000091800000, 0x0000000091800000| Complete 
| 281|0x0000000091900000, 0x0000000091a00000, 0x0000000091a00000|100%| S|CS|TAMS 0x0000000091900000, 0x0000000091900000| Complete 
| 282|0x0000000091a00000, 0x0000000091b00000, 0x0000000091b00000|100%| S|CS|TAMS 0x0000000091a00000, 0x0000000091a00000| Complete 
| 283|0x0000000091b00000, 0x0000000091c00000, 0x0000000091c00000|100%| S|CS|TAMS 0x0000000091b00000, 0x0000000091b00000| Complete 
| 284|0x0000000091c00000, 0x0000000091d00000, 0x0000000091d00000|100%| S|CS|TAMS 0x0000000091c00000, 0x0000000091c00000| Complete 
| 285|0x0000000091d00000, 0x0000000091e00000, 0x0000000091e00000|100%| S|CS|TAMS 0x0000000091d00000, 0x0000000091d00000| Complete 
| 286|0x0000000091e00000, 0x0000000091f00000, 0x0000000091f00000|100%| S|CS|TAMS 0x0000000091e00000, 0x0000000091e00000| Complete 
| 287|0x0000000091f00000, 0x0000000092000000, 0x0000000092000000|100%| S|CS|TAMS 0x0000000091f00000, 0x0000000091f00000| Complete 
| 288|0x0000000092000000, 0x0000000092100000, 0x0000000092100000|100%| S|CS|TAMS 0x0000000092000000, 0x0000000092000000| Complete 
| 289|0x0000000092100000, 0x0000000092200000, 0x0000000092200000|100%| S|CS|TAMS 0x0000000092100000, 0x0000000092100000| Complete 
| 290|0x0000000092200000, 0x0000000092300000, 0x0000000092300000|100%| S|CS|TAMS 0x0000000092200000, 0x0000000092200000| Complete 
| 291|0x0000000092300000, 0x0000000092400000, 0x0000000092400000|100%| S|CS|TAMS 0x0000000092300000, 0x0000000092300000| Complete 
| 292|0x0000000092400000, 0x0000000092500000, 0x0000000092500000|100%| S|CS|TAMS 0x0000000092400000, 0x0000000092400000| Complete 
| 293|0x0000000092500000, 0x0000000092600000, 0x0000000092600000|100%| S|CS|TAMS 0x0000000092500000, 0x0000000092500000| Complete 
| 294|0x0000000092600000, 0x0000000092700000, 0x0000000092700000|100%| S|CS|TAMS 0x0000000092600000, 0x0000000092600000| Complete 
| 295|0x0000000092700000, 0x0000000092800000, 0x0000000092800000|100%| S|CS|TAMS 0x0000000092700000, 0x0000000092700000| Complete 
| 296|0x0000000092800000, 0x0000000092900000, 0x0000000092900000|100%| S|CS|TAMS 0x0000000092800000, 0x0000000092800000| Complete 
| 297|0x0000000092900000, 0x0000000092a00000, 0x0000000092a00000|100%| S|CS|TAMS 0x0000000092900000, 0x0000000092900000| Complete 
| 298|0x0000000092a00000, 0x0000000092b00000, 0x0000000092b00000|100%| S|CS|TAMS 0x0000000092a00000, 0x0000000092a00000| Complete 
| 299|0x0000000092b00000, 0x0000000092c00000, 0x0000000092c00000|100%| S|CS|TAMS 0x0000000092b00000, 0x0000000092b00000| Complete 
| 300|0x0000000092c00000, 0x0000000092d00000, 0x0000000092d00000|100%| S|CS|TAMS 0x0000000092c00000, 0x0000000092c00000| Complete 
| 301|0x0000000092d00000, 0x0000000092d00000, 0x0000000092e00000|  0%| F|  |TAMS 0x0000000092d00000, 0x0000000092d00000| Untracked 
| 302|0x0000000092e00000, 0x0000000092e00000, 0x0000000092f00000|  0%| F|  |TAMS 0x0000000092e00000, 0x0000000092e00000| Untracked 
| 303|0x0000000092f00000, 0x0000000092f00000, 0x0000000093000000|  0%| F|  |TAMS 0x0000000092f00000, 0x0000000092f00000| Untracked 
| 304|0x0000000093000000, 0x0000000093000000, 0x0000000093100000|  0%| F|  |TAMS 0x0000000093000000, 0x0000000093000000| Untracked 
| 305|0x0000000093100000, 0x0000000093100000, 0x0000000093200000|  0%| F|  |TAMS 0x0000000093100000, 0x0000000093100000| Untracked 
| 306|0x0000000093200000, 0x0000000093200000, 0x0000000093300000|  0%| F|  |TAMS 0x0000000093200000, 0x0000000093200000| Untracked 
| 307|0x0000000093300000, 0x0000000093300000, 0x0000000093400000|  0%| F|  |TAMS 0x0000000093300000, 0x0000000093300000| Untracked 
| 308|0x0000000093400000, 0x0000000093400000, 0x0000000093500000|  0%| F|  |TAMS 0x0000000093400000, 0x0000000093400000| Untracked 
| 309|0x0000000093500000, 0x0000000093500000, 0x0000000093600000|  0%| F|  |TAMS 0x0000000093500000, 0x0000000093500000| Untracked 
| 310|0x0000000093600000, 0x0000000093600000, 0x0000000093700000|  0%| F|  |TAMS 0x0000000093600000, 0x0000000093600000| Untracked 
| 311|0x0000000093700000, 0x0000000093700000, 0x0000000093800000|  0%| F|  |TAMS 0x0000000093700000, 0x0000000093700000| Untracked 
| 312|0x0000000093800000, 0x0000000093800000, 0x0000000093900000|  0%| F|  |TAMS 0x0000000093800000, 0x0000000093800000| Untracked 
| 313|0x0000000093900000, 0x0000000093900000, 0x0000000093a00000|  0%| F|  |TAMS 0x0000000093900000, 0x0000000093900000| Untracked 
| 314|0x0000000093a00000, 0x0000000093a00000, 0x0000000093b00000|  0%| F|  |TAMS 0x0000000093a00000, 0x0000000093a00000| Untracked 
| 315|0x0000000093b00000, 0x0000000093b00000, 0x0000000093c00000|  0%| F|  |TAMS 0x0000000093b00000, 0x0000000093b00000| Untracked 
| 316|0x0000000093c00000, 0x0000000093c00000, 0x0000000093d00000|  0%| F|  |TAMS 0x0000000093c00000, 0x0000000093c00000| Untracked 
| 317|0x0000000093d00000, 0x0000000093e00000, 0x0000000093e00000|100%| S|CS|TAMS 0x0000000093d00000, 0x0000000093d00000| Complete 
| 318|0x0000000093e00000, 0x0000000093f00000, 0x0000000093f00000|100%| S|CS|TAMS 0x0000000093e00000, 0x0000000093e00000| Complete 
| 319|0x0000000093f00000, 0x0000000093f00000, 0x0000000094000000|  0%| F|  |TAMS 0x0000000093f00000, 0x0000000093f00000| Untracked 
| 320|0x0000000094000000, 0x0000000094000000, 0x0000000094100000|  0%| F|  |TAMS 0x0000000094000000, 0x0000000094000000| Untracked 
| 321|0x0000000094100000, 0x0000000094100000, 0x0000000094200000|  0%| F|  |TAMS 0x0000000094100000, 0x0000000094100000| Untracked 
| 322|0x0000000094200000, 0x0000000094200000, 0x0000000094300000|  0%| F|  |TAMS 0x0000000094200000, 0x0000000094200000| Untracked 
| 323|0x0000000094300000, 0x0000000094300000, 0x0000000094400000|  0%| F|  |TAMS 0x0000000094300000, 0x0000000094300000| Untracked 
| 324|0x0000000094400000, 0x0000000094400000, 0x0000000094500000|  0%| F|  |TAMS 0x0000000094400000, 0x0000000094400000| Untracked 
| 325|0x0000000094500000, 0x0000000094500000, 0x0000000094600000|  0%| F|  |TAMS 0x0000000094500000, 0x0000000094500000| Untracked 
| 326|0x0000000094600000, 0x0000000094600000, 0x0000000094700000|  0%| F|  |TAMS 0x0000000094600000, 0x0000000094600000| Untracked 
| 327|0x0000000094700000, 0x0000000094700000, 0x0000000094800000|  0%| F|  |TAMS 0x0000000094700000, 0x0000000094700000| Untracked 
| 328|0x0000000094800000, 0x0000000094800000, 0x0000000094900000|  0%| F|  |TAMS 0x0000000094800000, 0x0000000094800000| Untracked 
| 329|0x0000000094900000, 0x0000000094900000, 0x0000000094a00000|  0%| F|  |TAMS 0x0000000094900000, 0x0000000094900000| Untracked 
| 330|0x0000000094a00000, 0x0000000094a00000, 0x0000000094b00000|  0%| F|  |TAMS 0x0000000094a00000, 0x0000000094a00000| Untracked 
| 331|0x0000000094b00000, 0x0000000094b00000, 0x0000000094c00000|  0%| F|  |TAMS 0x0000000094b00000, 0x0000000094b00000| Untracked 
| 332|0x0000000094c00000, 0x0000000094c00000, 0x0000000094d00000|  0%| F|  |TAMS 0x0000000094c00000, 0x0000000094c00000| Untracked 
| 333|0x0000000094d00000, 0x0000000094d00000, 0x0000000094e00000|  0%| F|  |TAMS 0x0000000094d00000, 0x0000000094d00000| Untracked 
| 334|0x0000000094e00000, 0x0000000094e00000, 0x0000000094f00000|  0%| F|  |TAMS 0x0000000094e00000, 0x0000000094e00000| Untracked 
| 335|0x0000000094f00000, 0x0000000094f00000, 0x0000000095000000|  0%| F|  |TAMS 0x0000000094f00000, 0x0000000094f00000| Untracked 
| 336|0x0000000095000000, 0x0000000095000000, 0x0000000095100000|  0%| F|  |TAMS 0x0000000095000000, 0x0000000095000000| Untracked 
| 337|0x0000000095100000, 0x0000000095100000, 0x0000000095200000|  0%| F|  |TAMS 0x0000000095100000, 0x0000000095100000| Untracked 
| 338|0x0000000095200000, 0x0000000095200000, 0x0000000095300000|  0%| F|  |TAMS 0x0000000095200000, 0x0000000095200000| Untracked 
| 339|0x0000000095300000, 0x0000000095300000, 0x0000000095400000|  0%| F|  |TAMS 0x0000000095300000, 0x0000000095300000| Untracked 
| 340|0x0000000095400000, 0x0000000095400000, 0x0000000095500000|  0%| F|  |TAMS 0x0000000095400000, 0x0000000095400000| Untracked 
| 341|0x0000000095500000, 0x0000000095500000, 0x0000000095600000|  0%| F|  |TAMS 0x0000000095500000, 0x0000000095500000| Untracked 
| 342|0x0000000095600000, 0x0000000095600000, 0x0000000095700000|  0%| F|  |TAMS 0x0000000095600000, 0x0000000095600000| Untracked 
| 343|0x0000000095700000, 0x0000000095700000, 0x0000000095800000|  0%| F|  |TAMS 0x0000000095700000, 0x0000000095700000| Untracked 
| 344|0x0000000095800000, 0x0000000095800000, 0x0000000095900000|  0%| F|  |TAMS 0x0000000095800000, 0x0000000095800000| Untracked 
| 345|0x0000000095900000, 0x0000000095900000, 0x0000000095a00000|  0%| F|  |TAMS 0x0000000095900000, 0x0000000095900000| Untracked 
| 346|0x0000000095a00000, 0x0000000095a00000, 0x0000000095b00000|  0%| F|  |TAMS 0x0000000095a00000, 0x0000000095a00000| Untracked 
| 347|0x0000000095b00000, 0x0000000095b00000, 0x0000000095c00000|  0%| F|  |TAMS 0x0000000095b00000, 0x0000000095b00000| Untracked 
| 348|0x0000000095c00000, 0x0000000095c00000, 0x0000000095d00000|  0%| F|  |TAMS 0x0000000095c00000, 0x0000000095c00000| Untracked 
| 349|0x0000000095d00000, 0x0000000095d00000, 0x0000000095e00000|  0%| F|  |TAMS 0x0000000095d00000, 0x0000000095d00000| Untracked 
| 350|0x0000000095e00000, 0x0000000095e00000, 0x0000000095f00000|  0%| F|  |TAMS 0x0000000095e00000, 0x0000000095e00000| Untracked 
| 351|0x0000000095f00000, 0x0000000095f00000, 0x0000000096000000|  0%| F|  |TAMS 0x0000000095f00000, 0x0000000095f00000| Untracked 
| 352|0x0000000096000000, 0x0000000096000000, 0x0000000096100000|  0%| F|  |TAMS 0x0000000096000000, 0x0000000096000000| Untracked 
| 353|0x0000000096100000, 0x0000000096100000, 0x0000000096200000|  0%| F|  |TAMS 0x0000000096100000, 0x0000000096100000| Untracked 
| 354|0x0000000096200000, 0x0000000096200000, 0x0000000096300000|  0%| F|  |TAMS 0x0000000096200000, 0x0000000096200000| Untracked 
| 355|0x0000000096300000, 0x0000000096300000, 0x0000000096400000|  0%| F|  |TAMS 0x0000000096300000, 0x0000000096300000| Untracked 
| 356|0x0000000096400000, 0x0000000096400000, 0x0000000096500000|  0%| F|  |TAMS 0x0000000096400000, 0x0000000096400000| Untracked 
| 357|0x0000000096500000, 0x0000000096500000, 0x0000000096600000|  0%| F|  |TAMS 0x0000000096500000, 0x0000000096500000| Untracked 
| 358|0x0000000096600000, 0x0000000096600000, 0x0000000096700000|  0%| F|  |TAMS 0x0000000096600000, 0x0000000096600000| Untracked 
| 359|0x0000000096700000, 0x0000000096700000, 0x0000000096800000|  0%| F|  |TAMS 0x0000000096700000, 0x0000000096700000| Untracked 
| 360|0x0000000096800000, 0x0000000096800000, 0x0000000096900000|  0%| F|  |TAMS 0x0000000096800000, 0x0000000096800000| Untracked 
| 361|0x0000000096900000, 0x0000000096900000, 0x0000000096a00000|  0%| F|  |TAMS 0x0000000096900000, 0x0000000096900000| Untracked 
| 362|0x0000000096a00000, 0x0000000096a00000, 0x0000000096b00000|  0%| F|  |TAMS 0x0000000096a00000, 0x0000000096a00000| Untracked 
| 363|0x0000000096b00000, 0x0000000096b00000, 0x0000000096c00000|  0%| F|  |TAMS 0x0000000096b00000, 0x0000000096b00000| Untracked 
| 364|0x0000000096c00000, 0x0000000096c00000, 0x0000000096d00000|  0%| F|  |TAMS 0x0000000096c00000, 0x0000000096c00000| Untracked 
| 365|0x0000000096d00000, 0x0000000096d00000, 0x0000000096e00000|  0%| F|  |TAMS 0x0000000096d00000, 0x0000000096d00000| Untracked 
| 366|0x0000000096e00000, 0x0000000096e00000, 0x0000000096f00000|  0%| F|  |TAMS 0x0000000096e00000, 0x0000000096e00000| Untracked 
| 367|0x0000000096f00000, 0x0000000096f00000, 0x0000000097000000|  0%| F|  |TAMS 0x0000000096f00000, 0x0000000096f00000| Untracked 
| 368|0x0000000097000000, 0x0000000097000000, 0x0000000097100000|  0%| F|  |TAMS 0x0000000097000000, 0x0000000097000000| Untracked 
| 369|0x0000000097100000, 0x0000000097100000, 0x0000000097200000|  0%| F|  |TAMS 0x0000000097100000, 0x0000000097100000| Untracked 
| 370|0x0000000097200000, 0x0000000097200000, 0x0000000097300000|  0%| F|  |TAMS 0x0000000097200000, 0x0000000097200000| Untracked 
| 371|0x0000000097300000, 0x0000000097300000, 0x0000000097400000|  0%| F|  |TAMS 0x0000000097300000, 0x0000000097300000| Untracked 
| 372|0x0000000097400000, 0x0000000097400000, 0x0000000097500000|  0%| F|  |TAMS 0x0000000097400000, 0x0000000097400000| Untracked 
| 373|0x0000000097500000, 0x0000000097500000, 0x0000000097600000|  0%| F|  |TAMS 0x0000000097500000, 0x0000000097500000| Untracked 
| 374|0x0000000097600000, 0x0000000097600000, 0x0000000097700000|  0%| F|  |TAMS 0x0000000097600000, 0x0000000097600000| Untracked 
| 375|0x0000000097700000, 0x0000000097700000, 0x0000000097800000|  0%| F|  |TAMS 0x0000000097700000, 0x0000000097700000| Untracked 
| 376|0x0000000097800000, 0x0000000097800000, 0x0000000097900000|  0%| F|  |TAMS 0x0000000097800000, 0x0000000097800000| Untracked 
| 377|0x0000000097900000, 0x0000000097900000, 0x0000000097a00000|  0%| F|  |TAMS 0x0000000097900000, 0x0000000097900000| Untracked 
| 378|0x0000000097a00000, 0x0000000097a00000, 0x0000000097b00000|  0%| F|  |TAMS 0x0000000097a00000, 0x0000000097a00000| Untracked 
| 379|0x0000000097b00000, 0x0000000097b00000, 0x0000000097c00000|  0%| F|  |TAMS 0x0000000097b00000, 0x0000000097b00000| Untracked 
| 380|0x0000000097c00000, 0x0000000097c00000, 0x0000000097d00000|  0%| F|  |TAMS 0x0000000097c00000, 0x0000000097c00000| Untracked 
| 381|0x0000000097d00000, 0x0000000097d00000, 0x0000000097e00000|  0%| F|  |TAMS 0x0000000097d00000, 0x0000000097d00000| Untracked 
| 382|0x0000000097e00000, 0x0000000097e00000, 0x0000000097f00000|  0%| F|  |TAMS 0x0000000097e00000, 0x0000000097e00000| Untracked 
| 383|0x0000000097f00000, 0x0000000097f00000, 0x0000000098000000|  0%| F|  |TAMS 0x0000000097f00000, 0x0000000097f00000| Untracked 
| 384|0x0000000098000000, 0x0000000098000000, 0x0000000098100000|  0%| F|  |TAMS 0x0000000098000000, 0x0000000098000000| Untracked 
| 385|0x0000000098100000, 0x0000000098100000, 0x0000000098200000|  0%| F|  |TAMS 0x0000000098100000, 0x0000000098100000| Untracked 
| 386|0x0000000098200000, 0x0000000098200000, 0x0000000098300000|  0%| F|  |TAMS 0x0000000098200000, 0x0000000098200000| Untracked 
| 387|0x0000000098300000, 0x0000000098300000, 0x0000000098400000|  0%| F|  |TAMS 0x0000000098300000, 0x0000000098300000| Untracked 
| 388|0x0000000098400000, 0x0000000098400000, 0x0000000098500000|  0%| F|  |TAMS 0x0000000098400000, 0x0000000098400000| Untracked 
| 389|0x0000000098500000, 0x0000000098500000, 0x0000000098600000|  0%| F|  |TAMS 0x0000000098500000, 0x0000000098500000| Untracked 
| 390|0x0000000098600000, 0x0000000098600000, 0x0000000098700000|  0%| F|  |TAMS 0x0000000098600000, 0x0000000098600000| Untracked 
| 391|0x0000000098700000, 0x0000000098700000, 0x0000000098800000|  0%| F|  |TAMS 0x0000000098700000, 0x0000000098700000| Untracked 
| 392|0x0000000098800000, 0x0000000098800000, 0x0000000098900000|  0%| F|  |TAMS 0x0000000098800000, 0x0000000098800000| Untracked 
| 393|0x0000000098900000, 0x0000000098900000, 0x0000000098a00000|  0%| F|  |TAMS 0x0000000098900000, 0x0000000098900000| Untracked 
| 394|0x0000000098a00000, 0x0000000098a00000, 0x0000000098b00000|  0%| F|  |TAMS 0x0000000098a00000, 0x0000000098a00000| Untracked 
| 395|0x0000000098b00000, 0x0000000098c00000, 0x0000000098c00000|100%| E|  |TAMS 0x0000000098b00000, 0x0000000098b00000| Complete 
| 396|0x0000000098c00000, 0x0000000098d00000, 0x0000000098d00000|100%| E|CS|TAMS 0x0000000098c00000, 0x0000000098c00000| Complete 
| 397|0x0000000098d00000, 0x0000000098e00000, 0x0000000098e00000|100%| E|CS|TAMS 0x0000000098d00000, 0x0000000098d00000| Complete 
| 398|0x0000000098e00000, 0x0000000098f00000, 0x0000000098f00000|100%| E|CS|TAMS 0x0000000098e00000, 0x0000000098e00000| Complete 
| 399|0x0000000098f00000, 0x0000000099000000, 0x0000000099000000|100%| E|CS|TAMS 0x0000000098f00000, 0x0000000098f00000| Complete 
| 400|0x0000000099000000, 0x0000000099100000, 0x0000000099100000|100%| E|CS|TAMS 0x0000000099000000, 0x0000000099000000| Complete 
| 401|0x0000000099100000, 0x0000000099200000, 0x0000000099200000|100%| E|CS|TAMS 0x0000000099100000, 0x0000000099100000| Complete 
| 402|0x0000000099200000, 0x0000000099300000, 0x0000000099300000|100%| E|CS|TAMS 0x0000000099200000, 0x0000000099200000| Complete 
| 403|0x0000000099300000, 0x0000000099400000, 0x0000000099400000|100%| E|CS|TAMS 0x0000000099300000, 0x0000000099300000| Complete 
| 404|0x0000000099400000, 0x0000000099500000, 0x0000000099500000|100%| E|CS|TAMS 0x0000000099400000, 0x0000000099400000| Complete 
| 405|0x0000000099500000, 0x0000000099600000, 0x0000000099600000|100%| E|CS|TAMS 0x0000000099500000, 0x0000000099500000| Complete 
| 406|0x0000000099600000, 0x0000000099700000, 0x0000000099700000|100%| E|CS|TAMS 0x0000000099600000, 0x0000000099600000| Complete 
| 407|0x0000000099700000, 0x0000000099800000, 0x0000000099800000|100%| E|CS|TAMS 0x0000000099700000, 0x0000000099700000| Complete 
| 408|0x0000000099800000, 0x0000000099900000, 0x0000000099900000|100%| E|CS|TAMS 0x0000000099800000, 0x0000000099800000| Complete 
| 409|0x0000000099900000, 0x0000000099a00000, 0x0000000099a00000|100%| E|CS|TAMS 0x0000000099900000, 0x0000000099900000| Complete 
| 410|0x0000000099a00000, 0x0000000099b00000, 0x0000000099b00000|100%| E|CS|TAMS 0x0000000099a00000, 0x0000000099a00000| Complete 
| 411|0x0000000099b00000, 0x0000000099c00000, 0x0000000099c00000|100%| E|CS|TAMS 0x0000000099b00000, 0x0000000099b00000| Complete 
| 412|0x0000000099c00000, 0x0000000099d00000, 0x0000000099d00000|100%| E|CS|TAMS 0x0000000099c00000, 0x0000000099c00000| Complete 
| 413|0x0000000099d00000, 0x0000000099e00000, 0x0000000099e00000|100%| E|CS|TAMS 0x0000000099d00000, 0x0000000099d00000| Complete 
| 414|0x0000000099e00000, 0x0000000099f00000, 0x0000000099f00000|100%| E|CS|TAMS 0x0000000099e00000, 0x0000000099e00000| Complete 
| 415|0x0000000099f00000, 0x000000009a000000, 0x000000009a000000|100%| E|CS|TAMS 0x0000000099f00000, 0x0000000099f00000| Complete 
| 416|0x000000009a000000, 0x000000009a100000, 0x000000009a100000|100%| E|CS|TAMS 0x000000009a000000, 0x000000009a000000| Complete 
| 417|0x000000009a100000, 0x000000009a200000, 0x000000009a200000|100%| E|CS|TAMS 0x000000009a100000, 0x000000009a100000| Complete 
| 418|0x000000009a200000, 0x000000009a300000, 0x000000009a300000|100%| E|CS|TAMS 0x000000009a200000, 0x000000009a200000| Complete 
| 419|0x000000009a300000, 0x000000009a400000, 0x000000009a400000|100%| E|CS|TAMS 0x000000009a300000, 0x000000009a300000| Complete 
| 420|0x000000009a400000, 0x000000009a500000, 0x000000009a500000|100%| E|CS|TAMS 0x000000009a400000, 0x000000009a400000| Complete 
| 421|0x000000009a500000, 0x000000009a600000, 0x000000009a600000|100%| E|CS|TAMS 0x000000009a500000, 0x000000009a500000| Complete 
| 422|0x000000009a600000, 0x000000009a700000, 0x000000009a700000|100%| E|CS|TAMS 0x000000009a600000, 0x000000009a600000| Complete 
| 423|0x000000009a700000, 0x000000009a800000, 0x000000009a800000|100%| E|CS|TAMS 0x000000009a700000, 0x000000009a700000| Complete 
| 424|0x000000009a800000, 0x000000009a900000, 0x000000009a900000|100%| E|CS|TAMS 0x000000009a800000, 0x000000009a800000| Complete 
| 425|0x000000009a900000, 0x000000009aa00000, 0x000000009aa00000|100%| E|CS|TAMS 0x000000009a900000, 0x000000009a900000| Complete 
| 426|0x000000009aa00000, 0x000000009ab00000, 0x000000009ab00000|100%| E|CS|TAMS 0x000000009aa00000, 0x000000009aa00000| Complete 
| 427|0x000000009ab00000, 0x000000009ac00000, 0x000000009ac00000|100%| E|CS|TAMS 0x000000009ab00000, 0x000000009ab00000| Complete 
| 428|0x000000009ac00000, 0x000000009ad00000, 0x000000009ad00000|100%| E|CS|TAMS 0x000000009ac00000, 0x000000009ac00000| Complete 
| 429|0x000000009ad00000, 0x000000009ae00000, 0x000000009ae00000|100%| E|CS|TAMS 0x000000009ad00000, 0x000000009ad00000| Complete 
| 430|0x000000009ae00000, 0x000000009af00000, 0x000000009af00000|100%| E|CS|TAMS 0x000000009ae00000, 0x000000009ae00000| Complete 
| 431|0x000000009af00000, 0x000000009b000000, 0x000000009b000000|100%| E|CS|TAMS 0x000000009af00000, 0x000000009af00000| Complete 
| 432|0x000000009b000000, 0x000000009b100000, 0x000000009b100000|100%| E|CS|TAMS 0x000000009b000000, 0x000000009b000000| Complete 
| 433|0x000000009b100000, 0x000000009b200000, 0x000000009b200000|100%| E|CS|TAMS 0x000000009b100000, 0x000000009b100000| Complete 
| 434|0x000000009b200000, 0x000000009b300000, 0x000000009b300000|100%| E|CS|TAMS 0x000000009b200000, 0x000000009b200000| Complete 
| 435|0x000000009b300000, 0x000000009b400000, 0x000000009b400000|100%| E|CS|TAMS 0x000000009b300000, 0x000000009b300000| Complete 
| 436|0x000000009b400000, 0x000000009b500000, 0x000000009b500000|100%| E|CS|TAMS 0x000000009b400000, 0x000000009b400000| Complete 
| 437|0x000000009b500000, 0x000000009b600000, 0x000000009b600000|100%| E|CS|TAMS 0x000000009b500000, 0x000000009b500000| Complete 
| 438|0x000000009b600000, 0x000000009b700000, 0x000000009b700000|100%| E|CS|TAMS 0x000000009b600000, 0x000000009b600000| Complete 
| 439|0x000000009b700000, 0x000000009b800000, 0x000000009b800000|100%| E|CS|TAMS 0x000000009b700000, 0x000000009b700000| Complete 
| 440|0x000000009b800000, 0x000000009b900000, 0x000000009b900000|100%| E|CS|TAMS 0x000000009b800000, 0x000000009b800000| Complete 
| 441|0x000000009b900000, 0x000000009ba00000, 0x000000009ba00000|100%| E|CS|TAMS 0x000000009b900000, 0x000000009b900000| Complete 
| 442|0x000000009ba00000, 0x000000009bb00000, 0x000000009bb00000|100%| E|CS|TAMS 0x000000009ba00000, 0x000000009ba00000| Complete 
| 443|0x000000009bb00000, 0x000000009bc00000, 0x000000009bc00000|100%| E|CS|TAMS 0x000000009bb00000, 0x000000009bb00000| Complete 
| 444|0x000000009bc00000, 0x000000009bd00000, 0x000000009bd00000|100%| E|CS|TAMS 0x000000009bc00000, 0x000000009bc00000| Complete 
| 445|0x000000009bd00000, 0x000000009be00000, 0x000000009be00000|100%| E|CS|TAMS 0x000000009bd00000, 0x000000009bd00000| Complete 
| 446|0x000000009be00000, 0x000000009bf00000, 0x000000009bf00000|100%| E|CS|TAMS 0x000000009be00000, 0x000000009be00000| Complete 
| 447|0x000000009bf00000, 0x000000009c000000, 0x000000009c000000|100%| E|CS|TAMS 0x000000009bf00000, 0x000000009bf00000| Complete 
| 448|0x000000009c000000, 0x000000009c100000, 0x000000009c100000|100%| E|CS|TAMS 0x000000009c000000, 0x000000009c000000| Complete 
| 449|0x000000009c100000, 0x000000009c200000, 0x000000009c200000|100%| E|CS|TAMS 0x000000009c100000, 0x000000009c100000| Complete 
| 450|0x000000009c200000, 0x000000009c300000, 0x000000009c300000|100%| E|CS|TAMS 0x000000009c200000, 0x000000009c200000| Complete 
| 451|0x000000009c300000, 0x000000009c400000, 0x000000009c400000|100%| E|CS|TAMS 0x000000009c300000, 0x000000009c300000| Complete 
| 452|0x000000009c400000, 0x000000009c500000, 0x000000009c500000|100%| E|CS|TAMS 0x000000009c400000, 0x000000009c400000| Complete 
| 453|0x000000009c500000, 0x000000009c600000, 0x000000009c600000|100%| E|CS|TAMS 0x000000009c500000, 0x000000009c500000| Complete 
| 454|0x000000009c600000, 0x000000009c700000, 0x000000009c700000|100%| E|CS|TAMS 0x000000009c600000, 0x000000009c600000| Complete 
| 455|0x000000009c700000, 0x000000009c800000, 0x000000009c800000|100%| E|CS|TAMS 0x000000009c700000, 0x000000009c700000| Complete 
| 456|0x000000009c800000, 0x000000009c900000, 0x000000009c900000|100%| E|CS|TAMS 0x000000009c800000, 0x000000009c800000| Complete 
| 457|0x000000009c900000, 0x000000009ca00000, 0x000000009ca00000|100%| E|CS|TAMS 0x000000009c900000, 0x000000009c900000| Complete 
| 458|0x000000009ca00000, 0x000000009cb00000, 0x000000009cb00000|100%| E|CS|TAMS 0x000000009ca00000, 0x000000009ca00000| Complete 
| 459|0x000000009cb00000, 0x000000009cc00000, 0x000000009cc00000|100%| E|CS|TAMS 0x000000009cb00000, 0x000000009cb00000| Complete 
| 460|0x000000009cc00000, 0x000000009cd00000, 0x000000009cd00000|100%| E|CS|TAMS 0x000000009cc00000, 0x000000009cc00000| Complete 
| 461|0x000000009cd00000, 0x000000009ce00000, 0x000000009ce00000|100%| E|CS|TAMS 0x000000009cd00000, 0x000000009cd00000| Complete 
| 462|0x000000009ce00000, 0x000000009cf00000, 0x000000009cf00000|100%| E|CS|TAMS 0x000000009ce00000, 0x000000009ce00000| Complete 
| 463|0x000000009cf00000, 0x000000009d000000, 0x000000009d000000|100%| E|CS|TAMS 0x000000009cf00000, 0x000000009cf00000| Complete 
| 464|0x000000009d000000, 0x000000009d100000, 0x000000009d100000|100%| E|CS|TAMS 0x000000009d000000, 0x000000009d000000| Complete 
| 465|0x000000009d100000, 0x000000009d200000, 0x000000009d200000|100%| E|CS|TAMS 0x000000009d100000, 0x000000009d100000| Complete 
| 466|0x000000009d200000, 0x000000009d300000, 0x000000009d300000|100%| E|CS|TAMS 0x000000009d200000, 0x000000009d200000| Complete 
| 467|0x000000009d300000, 0x000000009d400000, 0x000000009d400000|100%| E|CS|TAMS 0x000000009d300000, 0x000000009d300000| Complete 
| 468|0x000000009d400000, 0x000000009d500000, 0x000000009d500000|100%| E|CS|TAMS 0x000000009d400000, 0x000000009d400000| Complete 
| 469|0x000000009d500000, 0x000000009d600000, 0x000000009d600000|100%| E|CS|TAMS 0x000000009d500000, 0x000000009d500000| Complete 
| 470|0x000000009d600000, 0x000000009d700000, 0x000000009d700000|100%| E|CS|TAMS 0x000000009d600000, 0x000000009d600000| Complete 
| 471|0x000000009d700000, 0x000000009d800000, 0x000000009d800000|100%| E|CS|TAMS 0x000000009d700000, 0x000000009d700000| Complete 
| 472|0x000000009d800000, 0x000000009d900000, 0x000000009d900000|100%| E|CS|TAMS 0x000000009d800000, 0x000000009d800000| Complete 
| 473|0x000000009d900000, 0x000000009da00000, 0x000000009da00000|100%| E|CS|TAMS 0x000000009d900000, 0x000000009d900000| Complete 
| 474|0x000000009da00000, 0x000000009db00000, 0x000000009db00000|100%| E|CS|TAMS 0x000000009da00000, 0x000000009da00000| Complete 
| 475|0x000000009db00000, 0x000000009dc00000, 0x000000009dc00000|100%| E|CS|TAMS 0x000000009db00000, 0x000000009db00000| Complete 
| 476|0x000000009dc00000, 0x000000009dd00000, 0x000000009dd00000|100%| E|CS|TAMS 0x000000009dc00000, 0x000000009dc00000| Complete 
| 477|0x000000009dd00000, 0x000000009de00000, 0x000000009de00000|100%| E|CS|TAMS 0x000000009dd00000, 0x000000009dd00000| Complete 
| 478|0x000000009de00000, 0x000000009df00000, 0x000000009df00000|100%| E|CS|TAMS 0x000000009de00000, 0x000000009de00000| Complete 
| 479|0x000000009df00000, 0x000000009e000000, 0x000000009e000000|100%| E|CS|TAMS 0x000000009df00000, 0x000000009df00000| Complete 
| 480|0x000000009e000000, 0x000000009e100000, 0x000000009e100000|100%| E|CS|TAMS 0x000000009e000000, 0x000000009e000000| Complete 
| 481|0x000000009e100000, 0x000000009e200000, 0x000000009e200000|100%| E|CS|TAMS 0x000000009e100000, 0x000000009e100000| Complete 
|2047|0x00000000fff00000, 0x0000000100000000, 0x0000000100000000|100%| O|  |TAMS 0x0000000100000000, 0x00000000fff00000| Untracked 

Card table byte_map: [0x000002528f000000,0x000002528f400000] _byte_map_base: 0x000002528ec00000

Marking Bits (Prev, Next): (CMBitMap*) 0x00000252f7ce4230, (CMBitMap*) 0x00000252f7ce41f0
 Prev Bits: [0x0000025291800000, 0x0000025293800000)
 Next Bits: [0x000002528f800000, 0x0000025291800000)

Polling page: 0x00000252f5c70000

Metaspace:

Usage:
  Non-class:    138.73 MB used.
      Class:     20.62 MB used.
       Both:    159.35 MB used.

Virtual space:
  Non-class space:      192.00 MB reserved,     139.38 MB ( 73%) committed,  3 nodes.
      Class space:        1.00 GB reserved,      21.25 MB (  2%) committed,  1 nodes.
             Both:        1.19 GB reserved,     160.62 MB ( 13%) committed. 

Chunk freelists:
   Non-Class:  4.62 MB
       Class:  10.75 MB
        Both:  15.37 MB

MaxMetaspaceSize: unlimited
CompressedClassSpaceSize: 1.00 GB
Initial GC threshold: 21.00 MB
Current GC threshold: 227.50 MB
CDS: on
MetaspaceReclaimPolicy: balanced
 - commit_granule_bytes: 65536.
 - commit_granule_words: 8192.
 - virtual_space_node_default_size: 8388608.
 - enlarge_chunks_in_place: 1.
 - new_chunks_are_fully_committed: 0.
 - uncommit_free_chunks: 1.
 - use_allocation_guard: 0.
 - handle_deallocations: 1.


Internal statistics:

num_allocs_failed_limit: 6.
num_arena_births: 2064.
num_arena_deaths: 0.
num_vsnodes_births: 4.
num_vsnodes_deaths: 0.
num_space_committed: 2568.
num_space_uncommitted: 0.
num_chunks_returned_to_freelist: 6.
num_chunks_taken_from_freelist: 8806.
num_chunk_merges: 6.
num_chunk_splits: 6189.
num_chunks_enlarged: 4509.
num_inconsistent_stats: 0.

CodeHeap 'non-profiled nmethods': size=120000Kb used=12588Kb max_used=12588Kb free=107411Kb
 bounds [0x0000025287ad0000, 0x0000025288720000, 0x000002528f000000]
CodeHeap 'profiled nmethods': size=120000Kb used=43069Kb max_used=43069Kb free=76930Kb
 bounds [0x0000025280000000, 0x0000025282a10000, 0x0000025287530000]
CodeHeap 'non-nmethods': size=5760Kb used=1976Kb max_used=2035Kb free=3783Kb
 bounds [0x0000025287530000, 0x00000252877a0000, 0x0000025287ad0000]
 total_blobs=19271 nmethods=18150 adapters=1029
 compilation: enabled
              stopped_count=0, restarted_count=0
 full_count=0

Compilation events (20 events):
Event: 74.909 Thread 0x00000252964ba8a0 nmethod 20657 0x00000252829fb990 code [0x00000252829fbb80, 0x00000252829fc2a8]
Event: 74.909 Thread 0x00000252964ba8a0 20658       3       org.jetbrains.kotlin.com.intellij.util.ObjectUtils::notNull (28 bytes)
Event: 74.909 Thread 0x00000252964ba8a0 nmethod 20658 0x00000252829fc410 code [0x00000252829fc5c0, 0x00000252829fc7f8]
Event: 74.909 Thread 0x00000252964ba8a0 20659       3       org.jetbrains.kotlin.com.intellij.openapi.util.ObjectNode::removeChildNodesRecursively (38 bytes)
Event: 74.911 Thread 0x00000252964ba8a0 nmethod 20659 0x00000252829fc910 code [0x00000252829fcb40, 0x00000252829fd3d8]
Event: 74.921 Thread 0x00000252964ba8a0 20660       3       java.lang.Character::isJavaIdentifierStart (9 bytes)
Event: 74.922 Thread 0x00000252964ba8a0 nmethod 20660 0x00000252829fd690 code [0x00000252829fd840, 0x00000252829fda38]
Event: 74.968 Thread 0x00000252964ba8a0 20661       3       org.gradle.internal.nativeintegration.filesystem.services.GenericFileSystem::stat (18 bytes)
Event: 74.969 Thread 0x00000252964ba8a0 nmethod 20661 0x00000252829fdb10 code [0x00000252829fdce0, 0x00000252829fdf38]
Event: 74.969 Thread 0x00000252964ba8a0 20662       3       org.gradle.internal.file.StatStatistics$Collector::reportFileStated (9 bytes)
Event: 74.969 Thread 0x00000252964ba8a0 nmethod 20662 0x00000252829fe110 code [0x00000252829fe2c0, 0x00000252829fe408]
Event: 74.971 Thread 0x00000252964ba8a0 20663       3       org.gradle.internal.classpath.transforms.InstrumentingBackwardsCompatibilityVisitor::fixAsmObjectForBackwardsCompatibility (44 bytes)
Event: 74.971 Thread 0x00000252964ba8a0 nmethod 20663 0x00000252829fe510 code [0x00000252829fe740, 0x00000252829feef8]
Event: 74.971 Thread 0x00000252964ba8a0 20664       3       org.gradle.internal.classpath.transforms.InstrumentingBackwardsCompatibilityVisitor$BackwardCompatibilityMethodVisitor::visitMethodInsn (26 bytes)
Event: 74.972 Thread 0x00000252964ba8a0 nmethod 20664 0x00000252829ff110 code [0x00000252829ff2e0, 0x00000252829ff568]
Event: 74.972 Thread 0x00000252964ba8a0 20665       3       org.objectweb.asm.MethodVisitor::visitLocalVariable (24 bytes)
Event: 74.972 Thread 0x00000252964ba8a0 nmethod 20665 0x00000252829ff710 code [0x00000252829ff8c0, 0x00000252829ffac8]
Event: 74.972 Thread 0x00000252964ba8a0 20666       3       org.objectweb.asm.MethodVisitor::visitMaxs (17 bytes)
Event: 74.972 Thread 0x00000252964ba8a0 nmethod 20666 0x00000252829ffb90 code [0x00000252829ffd40, 0x00000252829fff48]
Event: 74.986 Thread 0x00000252964ba8a0 20667       3       org.gradle.internal.classpath.transforms.InstrumentingClassTransform$InstrumentingMethodVisitor::visitMethodInsn (126 bytes)

GC Heap History (20 events):
Event: 47.789 GC heap before
{Heap before GC invocations=48 (full 0):
 garbage-first heap   total 347136K, used 267482K [0x0000000080000000, 0x0000000100000000)
  region size 1024K, 103 young (105472K), 2 survivors (2048K)
 Metaspace       used 134154K, committed 135232K, reserved 1179648K
  class space    used 17219K, committed 17728K, reserved 1048576K
}
Event: 47.798 GC heap after
{Heap after GC invocations=49 (full 0):
 garbage-first heap   total 347136K, used 167778K [0x0000000080000000, 0x0000000100000000)
  region size 1024K, 8 young (8192K), 8 survivors (8192K)
 Metaspace       used 134154K, committed 135232K, reserved 1179648K
  class space    used 17219K, committed 17728K, reserved 1048576K
}
Event: 51.966 GC heap before
{Heap before GC invocations=49 (full 0):
 garbage-first heap   total 347136K, used 277346K [0x0000000080000000, 0x0000000100000000)
  region size 1024K, 108 young (110592K), 8 survivors (8192K)
 Metaspace       used 138007K, committed 139072K, reserved 1179648K
  class space    used 17654K, committed 18176K, reserved 1048576K
}
Event: 51.977 GC heap after
{Heap after GC invocations=50 (full 0):
 garbage-first heap   total 347136K, used 173113K [0x0000000080000000, 0x0000000100000000)
  region size 1024K, 12 young (12288K), 12 survivors (12288K)
 Metaspace       used 138007K, committed 139072K, reserved 1179648K
  class space    used 17654K, committed 18176K, reserved 1048576K
}
Event: 52.658 GC heap before
{Heap before GC invocations=50 (full 0):
 garbage-first heap   total 347136K, used 275513K [0x0000000080000000, 0x0000000100000000)
  region size 1024K, 111 young (113664K), 12 survivors (12288K)
 Metaspace       used 138252K, committed 139328K, reserved 1179648K
  class space    used 17660K, committed 18176K, reserved 1048576K
}
Event: 52.687 GC heap after
{Heap after GC invocations=51 (full 0):
 garbage-first heap   total 347136K, used 213115K [0x0000000080000000, 0x0000000100000000)
  region size 1024K, 14 young (14336K), 14 survivors (14336K)
 Metaspace       used 138252K, committed 139328K, reserved 1179648K
  class space    used 17660K, committed 18176K, reserved 1048576K
}
Event: 53.825 GC heap before
{Heap before GC invocations=51 (full 0):
 garbage-first heap   total 347136K, used 273531K [0x0000000080000000, 0x0000000100000000)
  region size 1024K, 73 young (74752K), 14 survivors (14336K)
 Metaspace       used 138623K, committed 139648K, reserved 1179648K
  class space    used 17678K, committed 18176K, reserved 1048576K
}
Event: 53.848 GC heap after
{Heap after GC invocations=52 (full 0):
 garbage-first heap   total 347136K, used 234496K [0x0000000080000000, 0x0000000100000000)
  region size 1024K, 10 young (10240K), 10 survivors (10240K)
 Metaspace       used 138623K, committed 139648K, reserved 1179648K
  class space    used 17678K, committed 18176K, reserved 1048576K
}
Event: 55.521 GC heap before
{Heap before GC invocations=53 (full 0):
 garbage-first heap   total 347136K, used 248832K [0x0000000080000000, 0x0000000100000000)
  region size 1024K, 55 young (56320K), 10 survivors (10240K)
 Metaspace       used 141000K, committed 142080K, reserved 1179648K
  class space    used 17904K, committed 18368K, reserved 1048576K
}
Event: 55.539 GC heap after
{Heap after GC invocations=54 (full 0):
 garbage-first heap   total 347136K, used 211948K [0x0000000080000000, 0x0000000100000000)
  region size 1024K, 7 young (7168K), 7 survivors (7168K)
 Metaspace       used 141000K, committed 142080K, reserved 1179648K
  class space    used 17904K, committed 18368K, reserved 1048576K
}
Event: 55.745 GC heap before
{Heap before GC invocations=54 (full 0):
 garbage-first heap   total 347136K, used 221164K [0x0000000080000000, 0x0000000100000000)
  region size 1024K, 16 young (16384K), 7 survivors (7168K)
 Metaspace       used 141575K, committed 142720K, reserved 1179648K
  class space    used 17980K, committed 18496K, reserved 1048576K
}
Event: 55.772 GC heap after
{Heap after GC invocations=55 (full 0):
 garbage-first heap   total 347136K, used 184387K [0x0000000080000000, 0x0000000100000000)
  region size 1024K, 2 young (2048K), 2 survivors (2048K)
 Metaspace       used 141575K, committed 142720K, reserved 1179648K
  class space    used 17980K, committed 18496K, reserved 1048576K
}
Event: 56.277 GC heap before
{Heap before GC invocations=55 (full 0):
 garbage-first heap   total 347136K, used 198723K [0x0000000080000000, 0x0000000100000000)
  region size 1024K, 16 young (16384K), 2 survivors (2048K)
 Metaspace       used 142461K, committed 143552K, reserved 1179648K
  class space    used 18120K, committed 18624K, reserved 1048576K
}
Event: 56.283 GC heap after
{Heap after GC invocations=56 (full 0):
 garbage-first heap   total 494592K, used 185236K [0x0000000080000000, 0x0000000100000000)
  region size 1024K, 1 young (1024K), 1 survivors (1024K)
 Metaspace       used 142461K, committed 143552K, reserved 1179648K
  class space    used 18120K, committed 18624K, reserved 1048576K
}
Event: 61.035 GC heap before
{Heap before GC invocations=56 (full 0):
 garbage-first heap   total 494592K, used 338836K [0x0000000080000000, 0x0000000100000000)
  region size 1024K, 151 young (154624K), 1 survivors (1024K)
 Metaspace       used 153173K, committed 154368K, reserved 1245184K
  class space    used 19857K, committed 20416K, reserved 1048576K
}
Event: 61.049 GC heap after
{Heap after GC invocations=57 (full 0):
 garbage-first heap   total 494592K, used 191116K [0x0000000080000000, 0x0000000100000000)
  region size 1024K, 7 young (7168K), 7 survivors (7168K)
 Metaspace       used 153173K, committed 154368K, reserved 1245184K
  class space    used 19857K, committed 20416K, reserved 1048576K
}
Event: 66.075 GC heap before
{Heap before GC invocations=57 (full 0):
 garbage-first heap   total 494592K, used 353932K [0x0000000080000000, 0x0000000100000000)
  region size 1024K, 165 young (168960K), 7 survivors (7168K)
 Metaspace       used 161839K, committed 163136K, reserved 1245184K
  class space    used 21068K, committed 21696K, reserved 1048576K
}
Event: 66.095 GC heap after
{Heap after GC invocations=58 (full 0):
 garbage-first heap   total 494592K, used 200927K [0x0000000080000000, 0x0000000100000000)
  region size 1024K, 16 young (16384K), 16 survivors (16384K)
 Metaspace       used 161839K, committed 163136K, reserved 1245184K
  class space    used 21068K, committed 21696K, reserved 1048576K
}
Event: 72.144 GC heap before
{Heap before GC invocations=58 (full 0):
 garbage-first heap   total 494592K, used 368863K [0x0000000080000000, 0x0000000100000000)
  region size 1024K, 179 young (183296K), 16 survivors (16384K)
 Metaspace       used 162527K, committed 163776K, reserved 1245184K
  class space    used 21100K, committed 21696K, reserved 1048576K
}
Event: 72.187 GC heap after
{Heap after GC invocations=59 (full 0):
 garbage-first heap   total 494592K, used 248599K [0x0000000080000000, 0x0000000100000000)
  region size 1024K, 23 young (23552K), 23 survivors (23552K)
 Metaspace       used 162527K, committed 163776K, reserved 1245184K
  class space    used 21100K, committed 21696K, reserved 1048576K
}

Deoptimization events (20 events):
Event: 74.545 Thread 0x00000252dd6815b0 Uncommon trap: trap_request=0xffffff66 fr.pc=0x000002528870a7c4 relative=0x00000000000003e4
Event: 74.545 Thread 0x00000252dd6815b0 Uncommon trap: reason=speculate_class_check action=maybe_recompile pc=0x000002528870a7c4 method=org.jetbrains.kotlin.ir.symbols.IrSymbolKt.isPublicApi(Lorg/jetbrains/kotlin/ir/symbols/IrSymbol;)Z @ 7 c2
Event: 74.546 Thread 0x00000252dd6815b0 DEOPT PACKING pc=0x000002528870a7c4 sp=0x0000009cf5df39f0
Event: 74.546 Thread 0x00000252dd6815b0 DEOPT UNPACKING pc=0x00000252875823a3 sp=0x0000009cf5df3948 mode 2
Event: 74.548 Thread 0x00000252dd6815b0 Uncommon trap: trap_request=0xffffff66 fr.pc=0x000002528870a7c4 relative=0x00000000000003e4
Event: 74.548 Thread 0x00000252dd6815b0 Uncommon trap: reason=speculate_class_check action=maybe_recompile pc=0x000002528870a7c4 method=org.jetbrains.kotlin.ir.symbols.IrSymbolKt.isPublicApi(Lorg/jetbrains/kotlin/ir/symbols/IrSymbol;)Z @ 7 c2
Event: 74.549 Thread 0x00000252dd6815b0 DEOPT PACKING pc=0x000002528870a7c4 sp=0x0000009cf5df39f0
Event: 74.549 Thread 0x00000252dd6815b0 DEOPT UNPACKING pc=0x00000252875823a3 sp=0x0000009cf5df3948 mode 2
Event: 74.552 Thread 0x00000252dd6815b0 Uncommon trap: trap_request=0xffffff66 fr.pc=0x000002528870a7c4 relative=0x00000000000003e4
Event: 74.552 Thread 0x00000252dd6815b0 Uncommon trap: reason=speculate_class_check action=maybe_recompile pc=0x000002528870a7c4 method=org.jetbrains.kotlin.ir.symbols.IrSymbolKt.isPublicApi(Lorg/jetbrains/kotlin/ir/symbols/IrSymbol;)Z @ 7 c2
Event: 74.552 Thread 0x00000252dd6815b0 DEOPT PACKING pc=0x000002528870a7c4 sp=0x0000009cf5df39f0
Event: 74.553 Thread 0x00000252dd6815b0 DEOPT UNPACKING pc=0x00000252875823a3 sp=0x0000009cf5df3948 mode 2
Event: 74.553 Thread 0x00000252dd6815b0 Uncommon trap: trap_request=0xffffff66 fr.pc=0x000002528870a7c4 relative=0x00000000000003e4
Event: 74.553 Thread 0x00000252dd6815b0 Uncommon trap: reason=speculate_class_check action=maybe_recompile pc=0x000002528870a7c4 method=org.jetbrains.kotlin.ir.symbols.IrSymbolKt.isPublicApi(Lorg/jetbrains/kotlin/ir/symbols/IrSymbol;)Z @ 7 c2
Event: 74.553 Thread 0x00000252dd6815b0 DEOPT PACKING pc=0x000002528870a7c4 sp=0x0000009cf5df39f0
Event: 74.553 Thread 0x00000252dd6815b0 DEOPT UNPACKING pc=0x00000252875823a3 sp=0x0000009cf5df3948 mode 2
Event: 74.681 Thread 0x00000252dd6815b0 Uncommon trap: trap_request=0xffffffde fr.pc=0x00000252883fa8c4 relative=0x0000000000007544
Event: 74.681 Thread 0x00000252dd6815b0 Uncommon trap: reason=class_check action=maybe_recompile pc=0x00000252883fa8c4 method=org.jetbrains.org.objectweb.asm.ClassReader.readMethod(Lorg/jetbrains/org/objectweb/asm/ClassVisitor;Lorg/jetbrains/org/objectweb/asm/Context;I)I @ 1061 c2
Event: 74.681 Thread 0x00000252dd6815b0 DEOPT PACKING pc=0x00000252883fa8c4 sp=0x0000009cf5df24e0
Event: 74.681 Thread 0x00000252dd6815b0 DEOPT UNPACKING pc=0x00000252875823a3 sp=0x0000009cf5df24d8 mode 2

Classes unloaded (0 events):
No events

Classes redefined (0 events):
No events

Internal exceptions (20 events):
Event: 70.119 Thread 0x00000252dd6815b0 Exception <a 'sun/nio/fs/WindowsException'{0x000000009ccedf58}> (0x000000009ccedf58) 
thrown [s\open\src\hotspot\share\prims\jni.cpp, line 516]
Event: 70.120 Thread 0x00000252dd6815b0 Exception <a 'sun/nio/fs/WindowsException'{0x000000009ccf0628}> (0x000000009ccf0628) 
thrown [s\open\src\hotspot\share\prims\jni.cpp, line 516]
Event: 70.120 Thread 0x00000252dd6815b0 Exception <a 'sun/nio/fs/WindowsException'{0x000000009ccf0a08}> (0x000000009ccf0a08) 
thrown [s\open\src\hotspot\share\prims\jni.cpp, line 516]
Event: 70.121 Thread 0x00000252dd6815b0 Exception <a 'sun/nio/fs/WindowsException'{0x000000009ccf3ce0}> (0x000000009ccf3ce0) 
thrown [s\open\src\hotspot\share\prims\jni.cpp, line 516]
Event: 70.121 Thread 0x00000252dd6815b0 Exception <a 'sun/nio/fs/WindowsException'{0x000000009ccf40c0}> (0x000000009ccf40c0) 
thrown [s\open\src\hotspot\share\prims\jni.cpp, line 516]
Event: 70.929 Thread 0x00000252dd6815b0 Exception <a 'java/lang/ClassNotFoundException'{0x000000009b3f8d50}: GradleAnnotationProcessorPatchPluginBeanInfo> (0x000000009b3f8d50) 
thrown [s\open\src\hotspot\share\classfile\systemDictionary.cpp, line 256]
Event: 70.930 Thread 0x00000252dd6815b0 Exception <a 'java/lang/ClassNotFoundException'{0x000000009b204bc0}: GradleAnnotationProcessorPatchPluginCustomizer> (0x000000009b204bc0) 
thrown [s\open\src\hotspot\share\classfile\systemDictionary.cpp, line 256]
Event: 70.940 Thread 0x00000252dd6815b0 Exception <a 'java/lang/ClassNotFoundException'{0x000000009b23d1a8}: GradleAnnotationProcessorPatchPlugin$AnnotationProcessorModelBuilderBeanInfo> (0x000000009b23d1a8) 
thrown [s\open\src\hotspot\share\classfile\systemDictionary.cpp, line 256]
Event: 70.942 Thread 0x00000252dd6815b0 Exception <a 'java/lang/ClassNotFoundException'{0x000000009b248d40}: GradleAnnotationProcessorPatchPlugin$AnnotationProcessorModelBuilderCustomizer> (0x000000009b248d40) 
thrown [s\open\src\hotspot\share\classfile\systemDictionary.cpp, line 256]
Event: 70.952 Thread 0x00000252dd6815b0 Exception <a 'java/lang/ClassNotFoundException'{0x000000009b2a9ad0}: org/gradle/tooling/provider/model/internal/DefaultToolingModelBuilderRegistryBeanInfo> (0x000000009b2a9ad0) 
thrown [s\open\src\hotspot\share\classfile\systemDictionary.cpp, line 256]
Event: 70.954 Thread 0x00000252dd6815b0 Exception <a 'java/lang/ClassNotFoundException'{0x000000009b2c2620}: org/gradle/tooling/provider/model/internal/DefaultToolingModelBuilderRegistryCustomizer> (0x000000009b2c2620) 
thrown [s\open\src\hotspot\share\classfile\systemDictionary.cpp, line 256]
Event: 71.109 Thread 0x00000252dd6815b0 Exception <a 'sun/nio/fs/WindowsException'{0x000000009af5ac80}> (0x000000009af5ac80) 
thrown [s\open\src\hotspot\share\prims\jni.cpp, line 516]
Event: 71.399 Thread 0x00000252dd6815b0 Exception <a 'sun/nio/fs/WindowsException'{0x000000009a716720}> (0x000000009a716720) 
thrown [s\open\src\hotspot\share\prims\jni.cpp, line 516]
Event: 71.410 Thread 0x00000252dd6815b0 Exception <a 'java/io/FileNotFoundException'{0x000000009a71b850}> (0x000000009a71b850) 
thrown [s\open\src\hotspot\share\prims\jni.cpp, line 516]
Event: 71.446 Thread 0x00000252dd6815b0 Exception <a 'sun/nio/fs/WindowsException'{0x000000009a75ba68}> (0x000000009a75ba68) 
thrown [s\open\src\hotspot\share\prims\jni.cpp, line 516]
Event: 71.446 Thread 0x00000252dd6815b0 Exception <a 'sun/nio/fs/WindowsException'{0x000000009a75d7c8}> (0x000000009a75d7c8) 
thrown [s\open\src\hotspot\share\prims\jni.cpp, line 516]
Event: 74.959 Thread 0x00000252dd6815b0 Exception <a 'sun/nio/fs/WindowsException'{0x0000000098c24718}> (0x0000000098c24718) 
thrown [s\open\src\hotspot\share\prims\jni.cpp, line 516]
Event: 74.966 Thread 0x00000252dd6815b0 Exception <a 'sun/nio/fs/WindowsException'{0x0000000098c262f0}> (0x0000000098c262f0) 
thrown [s\open\src\hotspot\share\prims\jni.cpp, line 516]
Event: 74.974 Thread 0x00000252dd6815b0 Exception <a 'sun/nio/fs/WindowsException'{0x0000000098c40ac8}> (0x0000000098c40ac8) 
thrown [s\open\src\hotspot\share\prims\jni.cpp, line 516]
Event: 74.988 Thread 0x00000252dd6815b0 Exception <a 'sun/nio/fs/WindowsException'{0x0000000098c56e20}> (0x0000000098c56e20) 
thrown [s\open\src\hotspot\share\prims\jni.cpp, line 516]

VM Operations (20 events):
Event: 67.099 Executing VM operation: Cleanup done
Event: 69.108 Executing VM operation: Cleanup
Event: 69.108 Executing VM operation: Cleanup done
Event: 70.038 Executing VM operation: ICBufferFull
Event: 70.039 Executing VM operation: ICBufferFull done
Event: 70.509 Executing VM operation: ICBufferFull
Event: 70.510 Executing VM operation: ICBufferFull done
Event: 70.958 Executing VM operation: ICBufferFull
Event: 70.959 Executing VM operation: ICBufferFull done
Event: 71.960 Executing VM operation: Cleanup
Event: 71.961 Executing VM operation: Cleanup done
Event: 72.144 Executing VM operation: G1CollectForAllocation
Event: 72.187 Executing VM operation: G1CollectForAllocation done
Event: 73.195 Executing VM operation: Cleanup
Event: 73.196 Executing VM operation: Cleanup done
Event: 73.894 Executing VM operation: ICBufferFull
Event: 73.895 Executing VM operation: ICBufferFull done
Event: 74.599 Executing VM operation: ICBufferFull
Event: 74.609 Executing VM operation: ICBufferFull done
Event: 75.622 Executing VM operation: Cleanup

Events (20 events):
Event: 70.037 Thread 0x00000252eaf757e0 Thread added: 0x00000252eaf757e0
Event: 70.047 Thread 0x00000252eaf73470 Thread added: 0x00000252eaf73470
Event: 70.087 Thread 0x00000252dfb3faf0 Thread exited: 0x00000252dfb3faf0
Event: 70.162 Thread 0x00000252dfb3faf0 Thread added: 0x00000252dfb3faf0
Event: 70.694 Thread 0x00000252eaf75cf0 Thread added: 0x00000252eaf75cf0
Event: 70.694 Thread 0x00000252eaf72a50 Thread added: 0x00000252eaf72a50
Event: 70.695 Thread 0x00000252eaf73e90 Thread added: 0x00000252eaf73e90
Event: 70.695 Thread 0x00000252eaf748b0 Thread added: 0x00000252eaf748b0
Event: 70.695 Thread 0x00000252eaf76710 Thread added: 0x00000252eaf76710
Event: 70.696 Thread 0x00000252e9991e30 Thread added: 0x00000252e9991e30
Event: 70.697 Thread 0x00000252e99904e0 Thread added: 0x00000252e99904e0
Event: 70.698 Thread 0x00000252e9993270 Thread added: 0x00000252e9993270
Event: 70.698 Thread 0x00000252e9993780 Thread added: 0x00000252e9993780
Event: 70.699 Thread 0x00000252e9991410 Thread added: 0x00000252e9991410
Event: 70.828 Thread 0x00000252dfb46fd0 Thread added: 0x00000252dfb46fd0
Event: 71.072 Thread 0x00000252e9991920 Thread added: 0x00000252e9991920
Event: 71.914 Thread 0x00000252dfb46fd0 Thread exited: 0x00000252dfb46fd0
Event: 71.915 Thread 0x00000252dfb3faf0 Thread exited: 0x00000252dfb3faf0
Event: 71.974 Thread 0x00000252dfb3faf0 Thread added: 0x00000252dfb3faf0
Event: 74.516 Thread 0x00000252e9c5d4d0 Thread added: 0x00000252e9c5d4d0


Dynamic libraries:
0x00007ff700a80000 - 0x00007ff700a90000 	C:\Program Files\Java\jdk-17\bin\java.exe
0x00007fff1a000000 - 0x00007fff1a267000 	C:\WINDOWS\SYSTEM32\ntdll.dll
0x00007fff18910000 - 0x00007fff189d9000 	C:\WINDOWS\System32\KERNEL32.DLL
0x00007fff16d00000 - 0x00007fff170f7000 	C:\WINDOWS\System32\KERNELBASE.dll
0x00007fff16a30000 - 0x00007fff16b7b000 	C:\WINDOWS\System32\ucrtbase.dll
0x00007ffef5c70000 - 0x00007ffef5c8b000 	C:\Program Files\Java\jdk-17\bin\VCRUNTIME140.dll
0x00007ffed2d70000 - 0x00007ffed2d89000 	C:\Program Files\Java\jdk-17\bin\jli.dll
0x00007fff18f90000 - 0x00007fff19046000 	C:\WINDOWS\System32\ADVAPI32.dll
0x00007fff19520000 - 0x00007fff195c9000 	C:\WINDOWS\System32\msvcrt.dll
0x00007fff18030000 - 0x00007fff180d7000 	C:\WINDOWS\System32\sechost.dll
0x00007fff187f0000 - 0x00007fff18908000 	C:\WINDOWS\System32\RPCRT4.dll
0x00007fff191b0000 - 0x00007fff19376000 	C:\WINDOWS\System32\USER32.dll
0x00007fff173a0000 - 0x00007fff173c7000 	C:\WINDOWS\System32\win32u.dll
0x00007fff18b40000 - 0x00007fff18b6b000 	C:\WINDOWS\System32\GDI32.dll
0x00007fff171c0000 - 0x00007fff172ec000 	C:\WINDOWS\System32\gdi32full.dll
0x00007ffef2d70000 - 0x00007ffef3002000 	C:\WINDOWS\WinSxS\amd64_microsoft.windows.common-controls_6595b64144ccf1df_6.0.26100.8457_none_3e0b2faee331e92d\COMCTL32.dll
0x00007fff172f0000 - 0x00007fff17393000 	C:\WINDOWS\System32\msvcp_win.dll
0x00007fff03a00000 - 0x00007fff03a0b000 	C:\WINDOWS\SYSTEM32\VERSION.dll
0x00007fff187b0000 - 0x00007fff187e2000 	C:\WINDOWS\System32\IMM32.DLL
0x00007fff05cf0000 - 0x00007fff05cfc000 	C:\Program Files\Java\jdk-17\bin\vcruntime140_1.dll
0x00007ffec89b0000 - 0x00007ffec8a3e000 	C:\Program Files\Java\jdk-17\bin\msvcp140.dll
0x00007ffe88230000 - 0x00007ffe88e10000 	C:\Program Files\Java\jdk-17\bin\server\jvm.dll
0x00007fff19830000 - 0x00007fff19838000 	C:\WINDOWS\System32\PSAPI.DLL
0x00007ffef63a0000 - 0x00007ffef63aa000 	C:\WINDOWS\SYSTEM32\WSOCK32.dll
0x00007fff18720000 - 0x00007fff187a0000 	C:\WINDOWS\System32\WS2_32.dll
0x00007fff0bf40000 - 0x00007fff0bf76000 	C:\WINDOWS\SYSTEM32\WINMM.dll
0x00007fff157c0000 - 0x00007fff157db000 	C:\WINDOWS\SYSTEM32\kernel.appcore.dll
0x00007ffeca670000 - 0x00007ffeca67a000 	C:\Program Files\Java\jdk-17\bin\jimage.dll
0x00007fff14960000 - 0x00007fff14ba2000 	C:\WINDOWS\SYSTEM32\DBGHELP.DLL
0x00007fff18c00000 - 0x00007fff18f83000 	C:\WINDOWS\System32\combase.dll
0x00007fff18640000 - 0x00007fff18719000 	C:\WINDOWS\System32\OLEAUT32.dll
0x00007ffef3010000 - 0x00007ffef304b000 	C:\WINDOWS\SYSTEM32\dbgcore.DLL
0x00007fff17460000 - 0x00007fff17508000 	C:\WINDOWS\System32\bcryptPrimitives.dll
0x00007ffeca660000 - 0x00007ffeca66e000 	C:\Program Files\Java\jdk-17\bin\instrument.dll
0x00007ffeca630000 - 0x00007ffeca655000 	C:\Program Files\Java\jdk-17\bin\java.dll
0x00007ffea8240000 - 0x00007ffea8317000 	C:\Program Files\Java\jdk-17\bin\jsvml.dll
0x00007fff19840000 - 0x00007fff19fae000 	C:\WINDOWS\System32\SHELL32.dll
0x00007fff17510000 - 0x00007fff17d7c000 	C:\WINDOWS\System32\windows.storage.dll
0x00007fff190a0000 - 0x00007fff19196000 	C:\WINDOWS\System32\SHCORE.dll
0x00007fff195d0000 - 0x00007fff19636000 	C:\WINDOWS\System32\shlwapi.dll
0x00007fff16950000 - 0x00007fff16979000 	C:\WINDOWS\SYSTEM32\profapi.dll
0x00007ffeb6c70000 - 0x00007ffeb6c88000 	C:\Program Files\Java\jdk-17\bin\zip.dll
0x00007ffeb6440000 - 0x00007ffeb6459000 	C:\Program Files\Java\jdk-17\bin\net.dll
0x00007fff0e250000 - 0x00007fff0e379000 	C:\WINDOWS\SYSTEM32\WINHTTP.dll
0x00007fff15d30000 - 0x00007fff15d9c000 	C:\WINDOWS\system32\mswsock.dll
0x00007ffeb2ac0000 - 0x00007ffeb2ad6000 	C:\Program Files\Java\jdk-17\bin\nio.dll
0x00007ffeca620000 - 0x00007ffeca630000 	C:\Program Files\Java\jdk-17\bin\verify.dll
0x00007ffea0e10000 - 0x00007ffea0e37000 	C:\Users\vikas\.gradle\native\660c5614fbf4a5f2a75b1949f50a0caf5cd603558e7d8a26e50b933a0cfb79d1\windows-amd64\native-platform.dll
0x00007ffe8c450000 - 0x00007ffe8c4c7000 	C:\Users\vikas\.gradle\native\0.2.8\x86_64-windows-gnu\gradle-fileevents.dll
0x00007ffeca090000 - 0x00007ffeca09a000 	C:\Program Files\Java\jdk-17\bin\management.dll
0x00007ffec8980000 - 0x00007ffec898b000 	C:\Program Files\Java\jdk-17\bin\management_ext.dll
0x00007fff15230000 - 0x00007fff15262000 	C:\WINDOWS\SYSTEM32\IPHLPAPI.DLL
0x00007fff19640000 - 0x00007fff1964a000 	C:\WINDOWS\System32\NSI.dll
0x00007fff0e7b0000 - 0x00007fff0e7cd000 	C:\WINDOWS\SYSTEM32\dhcpcsvc6.DLL
0x00007fff0e5f0000 - 0x00007fff0e615000 	C:\WINDOWS\SYSTEM32\dhcpcsvc.DLL
0x00007fff15270000 - 0x00007fff153a2000 	C:\WINDOWS\SYSTEM32\DNSAPI.dll
0x00007fff16010000 - 0x00007fff1602b000 	C:\WINDOWS\SYSTEM32\CRYPTSP.dll
0x00007fff15720000 - 0x00007fff15759000 	C:\WINDOWS\system32\rsaenh.dll
0x00007fff15de0000 - 0x00007fff15e13000 	C:\WINDOWS\SYSTEM32\USERENV.dll
0x00007fff16920000 - 0x00007fff1694a000 	C:\WINDOWS\SYSTEM32\bcrypt.dll
0x00007fff16030000 - 0x00007fff1603c000 	C:\WINDOWS\SYSTEM32\CRYPTBASE.dll
0x00007ffec7620000 - 0x00007ffec762e000 	C:\Program Files\Java\jdk-17\bin\sunmscapi.dll
0x00007fff16b80000 - 0x00007fff16cf8000 	C:\WINDOWS\System32\CRYPT32.dll
0x00007fff16230000 - 0x00007fff16260000 	C:\WINDOWS\SYSTEM32\ncrypt.dll
0x00007fff161e0000 - 0x00007fff1621f000 	C:\WINDOWS\SYSTEM32\NTASN1.dll
0x00007ffeef620000 - 0x00007ffeef628000 	C:\WINDOWS\system32\wshunix.dll

dbghelp: loaded successfully - version: 4.0.5 - missing functions: none
symbol engine: initialized successfully - sym options: 0x614 - pdb path: .;C:\Program Files\Java\jdk-17\bin;C:\WINDOWS\SYSTEM32;C:\WINDOWS\WinSxS\amd64_microsoft.windows.common-controls_6595b64144ccf1df_6.0.26100.8457_none_3e0b2faee331e92d;C:\Program Files\Java\jdk-17\bin\server;C:\Users\vikas\.gradle\native\660c5614fbf4a5f2a75b1949f50a0caf5cd603558e7d8a26e50b933a0cfb79d1\windows-amd64;C:\Users\vikas\.gradle\native\0.2.8\x86_64-windows-gnu

VM Arguments:
jvm_args: --add-opens=java.base/java.lang=ALL-UNNAMED --add-opens=java.base/java.lang.invoke=ALL-UNNAMED --add-opens=java.base/java.util=ALL-UNNAMED --add-opens=java.prefs/java.util.prefs=ALL-UNNAMED --add-exports=jdk.compiler/com.sun.tools.javac.api=ALL-UNNAMED --add-exports=jdk.compiler/com.sun.tools.javac.util=ALL-UNNAMED --add-opens=java.base/java.util=ALL-UNNAMED --add-opens=java.prefs/java.util.prefs=ALL-UNNAMED --add-opens=java.base/java.nio.charset=ALL-UNNAMED --add-opens=java.base/java.net=ALL-UNNAMED --add-opens=java.base/java.util.concurrent=ALL-UNNAMED --add-opens=java.base/java.util.concurrent.atomic=ALL-UNNAMED --add-opens=java.xml/javax.xml.namespace=ALL-UNNAMED --add-opens=java.base/java.time=ALL-UNNAMED -Xmx2048m -Dfile.encoding=UTF-8 -Duser.country=IN -Duser.language=en -Duser.variant -javaagent:C:\Users\vikas\.gradle\wrapper\dists\gradle-9.4.1-bin\arn2x92ynaizyzdaamcbpbhtj\gradle-9.4.1\lib\agents\gradle-instrumentation-agent-9.4.1.jar 
java_command: org.gradle.launcher.daemon.bootstrap.GradleDaemon 9.4.1
java_class_path (initial): C:\Users\vikas\.gradle\wrapper\dists\gradle-9.4.1-bin\arn2x92ynaizyzdaamcbpbhtj\gradle-9.4.1\lib\gradle-daemon-main-9.4.1.jar
Launcher Type: SUN_STANDARD

[Global flags]
     intx CICompilerCount                          = 4                                         {product} {ergonomic}
     uint ConcGCThreads                            = 3                                         {product} {ergonomic}
     uint G1ConcRefinementThreads                  = 10                                        {product} {ergonomic}
   size_t G1HeapRegionSize                         = 1048576                                   {product} {ergonomic}
    uintx GCDrainStackTargetSize                   = 64                                        {product} {ergonomic}
   size_t InitialHeapSize                          = 264241152                                 {product} {ergonomic}
   size_t MarkStackSize                            = 4194304                                   {product} {ergonomic}
   size_t MaxHeapSize                              = 2147483648                                {product} {command line}
   size_t MaxNewSize                               = 1287651328                                {product} {ergonomic}
   size_t MinHeapDeltaBytes                        = 1048576                                   {product} {ergonomic}
   size_t MinHeapSize                              = 8388608                                   {product} {ergonomic}
    uintx NonNMethodCodeHeapSize                   = 5839372                                {pd product} {ergonomic}
    uintx NonProfiledCodeHeapSize                  = 122909434                              {pd product} {ergonomic}
    uintx ProfiledCodeHeapSize                     = 122909434                              {pd product} {ergonomic}
    uintx ReservedCodeCacheSize                    = 251658240                              {pd product} {ergonomic}
     bool SegmentedCodeCache                       = true                                      {product} {ergonomic}
   size_t SoftMaxHeapSize                          = 2147483648                             {manageable} {ergonomic}
     bool UseCompressedClassPointers               = true                           {product lp64_product} {ergonomic}
     bool UseCompressedOops                        = true                           {product lp64_product} {ergonomic}
     bool UseG1GC                                  = true                                      {product} {ergonomic}
     bool UseLargePagesIndividualAllocation        = false                                  {pd product} {ergonomic}

Logging:
Log output configuration:
 #0: stdout all=warning uptime,level,tags
 #1: stderr all=off uptime,level,tags

Environment Variables:
JAVA_HOME=C:\Program Files\Java\jdk-17
PATH=C:\app\vikas\product\21c\dbhomeXE\bin;C:\WINDOWS\system32;C:\WINDOWS;C:\WINDOWS\System32\Wbem;C:\WINDOWS\System32\WindowsPowerShell\v1.0\;C:\WINDOWS\System32\OpenSSH\;C:\gcc-14.1.0\bin;C:\Program Files\Git\cmd;C:\Program Files (x86)\Microsoft SQL Server\160\Tools\Binn\;C:\Program Files\Microsoft SQL Server\160\Tools\Binn\;C:\Program Files\Microsoft SQL Server\Client SDK\ODBC\170\Tools\Binn\;C:\Program Files\Microsoft SQL Server\160\DTS\Binn\;C:\Program Files (x86)\Microsoft SQL Server\160\DTS\Binn\;C:\Program Files\nodejs\;C:\maven\apache-maven-3.9.12\apache-maven-3.9.12\bin;C:\Program Files\Java\jdk-17\bin;C:\Users\vikas\.cargo\bin;c:\Users\vikas\AppData\Local\Programs\cursor\resources\app\codeBin;C:\Program Files\MySQL\MySQL Shell 8.0\bin\;C:\Users\vikas\AppData\Local\Programs\Python\Python312\Scripts\;C:\Users\vikas\AppData\Local\Programs\Python\Python312\;C:\Users\vikas\AppData\Local\Microsoft\WindowsApps;C:\Users\vikas\AppData\Local\Programs\Microsoft VS Code\bin;C:\MinGW\bin;C:\msys64\ucrt64\bin;C:\Users\vikas\AppData\Roaming\npm;C:\Users\vikas\AppData\Local\Programs\cursor\resources\app\bin;C:\Users\vikas\AppData\Local\Programs\Antigravity\bin
USERNAME=vikas
OS=Windows_NT
PROCESSOR_IDENTIFIER=Intel64 Family 6 Model 154 Stepping 4, GenuineIntel



---------------  S Y S T E M  ---------------

OS:
 Windows 11 , 64 bit Build 26100 (10.0.26100.8328)
OS uptime: 0 days 22:45 hours
Hyper-V role detected

CPU: total 12 (initial active 12) (6 cores per cpu, 2 threads per core) family 6 model 154 stepping 4 microcode 0x42c, cx8, cmov, fxsr, ht, mmx, 3dnowpref, sse, sse2, sse3, ssse3, sse4.1, sse4.2, popcnt, lzcnt, tsc, tscinvbit, avx, avx2, aes, erms, clmul, bmi1, bmi2, adx, sha, fma, vzeroupper, clflush, clflushopt, clwb, hv

Memory: 4k page, system-wide physical 16055M (1018M free)
TotalPageFile size 24247M (AvailPageFile size 4M)
current process WorkingSet (physical memory assigned to process): 909M, peak: 912M
current process commit charge ("private bytes"): 956M, peak: 959M

vm_info: Java HotSpot(TM) 64-Bit Server VM (17.0.12+8-LTS-286) for windows-amd64 JRE (17.0.12+8-LTS-286), built on Jun  5 2024 06:46:59 by "mach5one" with MS VC++ 17.6 (VS2022)

END.
